province,,name,,location,,height,
서울특별시,,개화산,,서울특별시 강서구,,128,
서울특별시,,관악산,,"서울특별시 관악구ㆍ금천구, 경기도 안양시ㆍ과천시",,632.2,
서울특별시,,구룡산,,"서울특별시 서초구 염곡동ㆍ내곡동, 강남구 개포동",,307.7,
서울특별시,,궁산,,서울특별시 강서구 가양동,,74,
서울특별시,,대모산,,서울특별시 강남구,,293,
서울특별시,,도봉산(자운봉),,"서울특별시 도봉구, 경기도 의정부시 호원동ㆍ양주시 장흥면",,740.2,
서울특별시,,망우산,,"서울특별시 중랑구 망우동, 면목동, 구리시",,282,
서울특별시,,백련산,,"서울특별시 은평구, 서대문구 홍은동",,216,
서울특별시,,봉제산,,서울특별시 강서구,,105,
서울특별시,,북악산,,서울특별시 종로구 부암동,,342,
서울특별시,,북한산,,"서울특별시 강북구ㆍ성북구ㆍ종로구ㆍ은평구, 경기도 고양시ㆍ양주시",,835.6,
서울특별시,,불암산,,"서울특별시 노원구 상계동, 중계동ㆍ경기도 남양주시 별내면",,509.7,
서울특별시,,삼성산,,"서울특별시 관악구, 금천구, 경기도 안양시",,554,
서울특별시,,수락산,,서울시 노원구 상계동,,640.6,
서울특별시,,아차산,,서울특별시 광진구,,287,
서울특별시,,안산,,서울특별시 서대문구 홍제동,,297,
서울특별시,,용마산,,서울특별시 중랑구 면목동,,357,
서울특별시,,우장산,,서울특별시 강서구 화곡동,,99,
서울특별시,,인왕산,,"서울시 종로구, 서대문구",,340,
서울특별시,,증산,,서울특별시 강서구 염창동,,55,
서울특별시,,청계산,,"서울특별시 서초구 신원동, 경기도 과천시 막계동, 의왕시 청계동, 성남시 수정구",,873,
부산광역시,,개좌산,,부산광역시 기장군,,449,
부산광역시,,거문산,,부산광역시 기장군 철마면 웅천리,,543,
부산광역시,,구덕산,,"부산광역시 북구, 사하구, 서구",,562,
부산광역시,,금정산,,"부산광역시 금정구ㆍ북구, 경상남도 양산시",,800.8,
부산광역시,,달음산,,부산시 기장군,,587,
부산광역시,,배산,,"부산광역시 연제구, 수영구",,225,
부산광역시,,백양산,,부산광역시 부산진구,,642,
부산광역시,,봉래산,,부산광역시,,395,
부산광역시,,봉화산,,부산광역시 강서구 녹산동,,692,
부산광역시,,승학산,,부산광역시 사하구 당리동,,497,
부산광역시,,아미산,,"부산광역시 서구 아미동, 사하구",,234,
부산광역시,,아홉산,,부산광역시 금정구 기장군,,353,
부산광역시,,엄광산(고원견산),,"부산광역시 서구 동대신동, 부산광역시 진구 개금동",,504,
부산광역시,,연태봉,,부산광역시 강서구,,459,
부산광역시,,윤산,,부산광역시,,317,
부산광역시,,일광산,,부산광역시 기장군,,388,
부산광역시,,장산,,부산시 해운대구 좌동,,634,
부산광역시,,철마산,,부산광역시 기장군 철마면,,605,
대구광역시,,금계산,,대구광역시 달성군,,489,
대구광역시,,금산,,대구광역시 달성군 현풍면 상리,,288,
대구광역시,,대덕산,,대구광역시 달서구 송현동,,600,
대구광역시,,마천산,,"대구광역시 달성군, 경상북도 칠곡군",,274,
대구광역시,,무학산,,대구 수성구 황금동,,200,
대구광역시,,뱀산,,대구광역시 달성군 구라리,,91,
대구광역시,,비슬산,,"대구광역시 달성군 옥포면ㆍ유가면ㆍ가창면, 경상북도 청도군 각북면",,1083.4,
대구광역시,,산성산,,대구광역시 달성군 유가면,,654,
대구광역시,,안산,,대구광역시 수성구 욱수동,,470,
대구광역시,,와룡산,,대구광역시 대구,,295,
대구광역시,,용지봉,,대구광역시 수성구 범물동,,634,
대구광역시,,주암산,,대구광역시 달성군 가창면,,854.7,
대구광역시,,천을산,,대구광역시 수성구 고산동,,156,
대구광역시,,최정산,,대구광역시 달성군 가창면,,905,
대구광역시,,학산,,대구광역시 달서구,,118,
대구광역시,,환성산,,"대구시 동구, 경북 경산시 하양읍ㆍ와촌읍",,811,
인천광역시,,가현산,,"인천광역시 서구, 경기도 김포시",,192,
인천광역시,,거마산,,인천광역시 남동구 장수동,,214,
인천광역시,,거머리산,,인천광역시 남동구 만수4동,,125,
인천광역시,,고려산,,"인천광역시 강화군 강화읍, 하점면, 송해면, 내가면",,436,
인천광역시,,구봉산,,인천광역시 옹진군,,178,
인천광역시,,국사봉,,인천광역시 중구,,239,
인천광역시,,낙가산,,인천광역시 강화군 석모도,,267,
인천광역시,,마니산,,인천광역시 강화군 화도면,,472.1,
인천광역시,,문학산,,인천광역시 남구 문학동,,217.1,
인천광역시,,백고지,,인천광역시 옹진군 백령면,,100,
인천광역시,,백운산,,인천광역시 중구,,255,
인천광역시,,비조봉,,인천광역시 옹진군,,231,
인천광역시,,상봉산,,인천광역시 강화군 삼산면 석모도,,316,
인천광역시,,상아산,,인천광역시 남동구,,151,
인천광역시,,석화산,,인천광역시 중구 중산동,,143,
인천광역시,,선포산,,인천광역시 서구,,144,
인천광역시,,앞산,,인천광역시 부평구,,148,
인천광역시,,오봉산,,인천시 남동구 도림동,,101,
인천광역시,,용기원산,,인천광역시 옹진군 백령면,,136,
인천광역시,,정족산,,인천광역시 강화군 길상면,,200,
인천광역시,,해명산,,인천광역시 강화군 석모도,,309,
인천광역시,,혈구산,,인천광역시 강화군 내가면 고천리,,466,
인천광역시,,호룡곡산,,인천광역시 중구,,245,
인천광역시,,화개산,,인천광역시 강화군 교동면 대룡리,,262,
광주광역시,,갈미봉,,"광주광역시 동구 선교동, 내남동",,372,
광주광역시,,금당산,,광주광역시 서구 풍암동,,303.5,
광주광역시,,깃대봉,,광주광역시 동구,,822,
광주광역시,,마집봉,,광주광역시 동구,,311,
광주광역시,,무등산,,"광주광역시 동구, 전라남도 담양군 남면ㆍ화순군 이서면",,1186.8,
광주광역시,,바랑산,,"광주광역시 동구 소태동,용산동",,602,
광주광역시,,어등산,,광주광역시 광산구 산정동ㆍ박호동ㆍ서봉동,,290.4,
대전광역시,,갑하산,,대전광역시 유성구·충남 공주시 반포면,,468.7,
대전광역시,,계룡산,,"대전광역시, 충청남도 공주시 계룡면ㆍ논산시 상월면ㆍ계룡시 신도안면",,846.5,
대전광역시,,계족산,,"대전광역시 대덕구, 동구",,423.9,
대전광역시,,구봉산,,대전광역시 서구 가수원동,,264,
대전광역시,,금병산,,대전광역시 유성구,,390,
대전광역시,,금수봉,,대전광역시 유성,,531,
대전광역시,,만인산,,"대전광역시 동구, 충남 금산군 부추면ㆍ복수면",,538,
대전광역시,,보문산,,대전광역시 중구,,457,
대전광역시,,뾰족산,,대전광역시 동구,,143,
대전광역시,,성치산,,대전광역시 대덕구 신탄진동,,219,
대전광역시,,식장산,,"대전광역시 동구, 충북 옥천군",,596.7,
대전광역시,,장태산,,대전광역시 서구,,471,
대전광역시,,천비산,,"대전광역시 중구 침산동, 서구 정생동",,466,
대전광역시,,함각산,,"대전 동구 효평동,마산동",,315,
대전광역시,,황학산,,대전광역시 동구,,158,
울산광역시,,가지산,,"울산광역시, 경상북도 청도군, 경상남도 밀양시",,1240.9,
울산광역시,,고헌산,,"울산광역시 울주군 두서면, 경상북도 경주시 산내면",,1033,
울산광역시,,문수산,,"울산광역시 울주군 청량면 삼동면, 범서읍",,600,
울산광역시,,신불산,,울산광역시 울주군 삼남면ㆍ상북면,,1159.3,
울산광역시,,염포산,,울산광역시 동구,,203,
울산광역시,,입화산,,울산광역시 중구 다운동,,157,
울산광역시,,천황산,,"울산광역시, 경상남도 밀양시",,1189,
울산광역시,,치술령,,"울산시 울주군 두동면, 경북 경주시 외동읍",,765,
울산광역시,,황방산,,울산광역시 중구 장현동,,103,
경기도,,가덕산,,"경기도 가평군 북면, 강원도 춘천시 서면",,858,
경기도,,가리산,,경기도 포천시 이동면 장암리,,774,
경기도,,각흘봉,,"경기도 포천시, 강원도 철원군",,838,
경기도,,갈기산,,"경기도 양평군, 강원도 홍천군",,685,
경기도,,감악산,,"경기도 양주시 남면, 연천군 전곡읍, 파주시 적성면",,674.9,
경기도,,강씨봉,,"경기도 포천시, 가평군",,830,
경기도,,검단산,,경기도 하남시 천현동,,658.4,
경기도,,견치봉,,경기도 포천시 이동면/가평군,,1120,
경기도,,계관산,,"경기도 가평군, 강원도 춘천시",,736,
경기도,,계명산,,"경기도 파주시 광탄면, 양주시 석현면",,622,
경기도,,고대산,,경기도 연천군 신서면·강원도 철원군 철원읍,,832,
경기도,,고동산,,"경기도 가평군 설악면, 양평군 서종면",,600,
경기도,,고래산,,"경기도 여주군 북내면, 양평군 지제면",,543,
경기도,,고령산,,"경기도 파주시 광탄면, 양주시 장흥계곡",,622,
경기도,,곡달산,,경기도 가평군 설악면,,630,
경기도,,관음산,,경기도 포천시 영북면,,733,
경기도,,관인봉,,경기도 포천시,,710,
경기도,,광교산,,경기도,,582,
경기도,,광덕산,,"경기도 포천시 이동면, 강원도 철원군 서면, 화천군 사내면",,699,
경기도,,구나무산,,"경기도 가평군 가평읍, 북면",,859,
경기도,,구봉산,,"경기도 용인시 원삼면, 외사면",,469,
경기도,,국망봉,,"경기도 가평시, 포천군",,1168,
경기도,,귀목봉,,"경기도 가평군 북면, 하면",,1036,
경기도,,금물산,,"경기도 양평군, 강원도 횡성군",,774,
경기도,,금주산,,경기도 포천시 영중면 금주리,,569,
경기도,,길매봉,,"경기도 포천시 일동면, 가평군 하면",,735,
경기도,,깃대봉,,경기도 가평군 가평읍 상면,,520,
경기도,,깃대봉,,"경기도 가평군 하면, 가평읍",,835,
경기도,,남한산성,,경기도 광주군 중부면,,480,
경기도,,노고산,,"경기도 양주시,고양시",,429,
경기도,,노성산,,경기도 이천시 설성면,,310,
경기도,,녹수봉,,경기도 청평 덕현리,,370,
경기도,,단월산,,경기도 양평군 단월면,,778,
경기도,,당산,,"경기도 양평군, 여주군, 강원도 원주시",,541,
경기도,,대금산,,"경기도 가평군 가평읍, 하면",,705.8,
경기도,,대부산,,경기도 양평군 옥천면,,743,
경기도,,덕성산,,경기도 안성시 금광면,,519,
경기도,,덕암산,,"경기도 평택시,안성시",,163,
경기도,,덕지산,,경기도 평택시,,138,
경기도,,도드람산,,경기도 이천시 마장면,,349,
경기도,,도마치봉,,"경기도 포천시 이동면, 강원도 화천군 사내면",,937,
경기도,,도일봉,,"경기도 양평군 용문면, 단월면",,864,
경기도,,둔지봉,,경기도 성남시,,310,
경기도,,마구산,,경기도 용인시 처인구 포곡읍 금어리,,595,
경기도,,마옥산,,경기도 안성시 일죽면 고은리,,446,
경기도,,매곡산,,경기도 양평군 서종면,,507,
경기도,,매봉,,"경기도 가평군 하면, 가평읍",,865,
경기도,,명지산,,경기도 가평군 북면ㆍ하면,,1252.3,
경기도,,모락산,,"경기도 의왕시 오전동, 내손동",,385,
경기도,,몽덕산,,"경기도 가평군 북면, 강원도 춘천시 서면",,690,
경기도,,무갑산,,경기도 광주시 초월읍,,578,
경기도,,문례봉,,"경기도 양평군 용문면, 단월면",,992,
경기도,,문수산,,경기도 김포시 월곶면,,376,
경기도,,문안산,,경기도 남양주시 화도읍 금남리,,536,
경기도,,문형산,,경기도 광주시 오포읍,,499,
경기도,,민둥산,,"경기도 포천시 이동면, 가평군 북면",,1023,
경기도,,바라산,,"경기도 의왕시, 성남시",,428,
경기도,,바른골봉,,"경기도 가평군 가평읍, 북면",,781,
경기도,,박달봉,,"경기도 포천시 이동면, 강원도 화천군 사내면",,800,
경기도,,백둔봉,,경기도 가평군 북면,,974,
경기도,,백마산,,경기도 광주시,,286,
경기도,,백봉산(백봉),,"경기도 남양주시 평내동, 와부읍, 화도읍",,587.2,
경기도,,백운봉,,"경기도 양평군 양평읍, 옥천면, 용문면",,936,
경기도,,백운산,,"경기도 시흥시, 용인시, 수원시",,567,
경기도,,백운산,,경기도 평택시,,191,
경기도,,백운산(포천),,"경기도 포천시 이동면, 강원도 화천군 사내면",,903,
경기도,,백족산,,경기도 이천시,,412,
경기도,,보금산,,경기도 여주군 북내면,,364,
경기도,,보납산,,경기도 가평군,,330,
경기도,,보리산,,경기도가평군,,627,
경기도,,봉미산,,경기도 양평군 단월면ㆍ설악면,,856,
경기도,,북배산,,"경기도 가평군 북면, 강원도 춘천시 서면",,869.6,
경기도,,북성산,,경기도 여주군 여주읍,,259,
경기도,,불곡산,,"경기도 성남시, 광주시",,465,
경기도,,불곡산,,경기도 양주시 유양동,,313,
경기도,,불기산,,경기도 가평군,,601,
경기도,,뾰루봉,,경기도 가평군 설악면,,710,
경기도,,사패산,,"경기도 의정부시, 양주시 장흥면",,552,
경기도,,사향봉,,경기도 가평군 북면,,1031,
경기도,,사향산,,경기도 포천시 이동면,,507,
경기도,,삼각봉,,"경기도 포천시, 강원도 철원군 갈말읍",,903,
경기도,,삼태봉,,경기도 가평군/양평군,,683,
경기도,,서리산,,"경기도 남양주시 수동면, 가평군 상면",,825,
경기도,,서운산,,경기도 안성시 서운면ㆍ충청북도 진천군 백곡면,,547.7,
경기도,,석룡산,,경기도 가평군 북면ㆍ강원도 화천군 사내면,,1153,
경기도,,설봉산,,경기도 이천시 이천읍,,394,
경기도,,성주산,,경기도 부천시,,217,
경기도,,성지봉,,"경기도 양평군 청운면, 강원도 횡성군 서원면",,791,
경기도,,소구니산,,"경기도 가평군 설악면, 양평군 옥천면",,798,
경기도,,소리산,,경기도 양평군 단월면,,480.1,
경기도,,소요산,,"경기도 동두천시, 포천시 신북면",,587.5,
경기도,,송악산,,경기도 가평군,,705,
경기도,,수덕산,,경기도 가평군,,794,
경기도,,수리산,,경기도 안양시·군포시·안산시,,489,
경기도,,수정산,,경기도 용인시,,345,
경기도,,신로봉,,"경기도 포천시 이동면, 가평 북면",,999,
경기도,,아기봉,,경기도 가평군 하면,,772,
경기도,,애기봉,,경기도 가평군 북면 적목리,,1055,
경기도,,애기봉,,경기도 김포 하성면,,154,
경기도,,앵자봉,,"경기도 광주군 퇴촌면, 실촌면, 여주군 산북면, 양평군 강하면",,667,
경기도,,양자산,,"경기도 여주군 산북면, 양평군 강상면",,712,
경기도,,어비산,,"경기도 가평군 설악면, 양평군 옥천면",,726,
경기도,,여계산,,경기도 오산시 신장동,,86,
경기도,,여우봉,,경기도 포천시 영북면 이동면,,620,
경기도,,연인산,,경기도 가평군 가평읍ㆍ북면ㆍ하면,,1068,
경기도,,열미봉,,경기도 광주군 퇴촌면 실촌면,,610,
경기도,,예봉산,,"경기도 남양주시 와부읍, 조안면",,638,
경기도,,옥녀봉,,경기도 가평군 승안리,,715,
경기도,,옥산,,경기도 양평군 옥천면,,578,
경기도,,왕방산,,"경기도 동두천시, 포천시 포천읍",,737,
경기도,,용마산,,경기도 광주시 남종면 삼성리,,596,
경기도,,용문산,,경기도 양평군 용문면ㆍ옥천면,,1157.1,
경기도,,용조봉,,경기도 양평군,,631,
경기도,,우두산,,"경기도 양평, 여주",,359,
경기도,,운길산,,경기도 남양주시 조안면 송촌리,,610,
경기도,,운악산,,"경기도 가평군 하면, 포천시 화현면",,934.7,
경기도,,운흥산,,경기도 시흥시,,205,
경기도,,원미산,,경기도 부천시,,168,
경기도,,원적산,,"경기도 이천시 백사면, 광주군 실촌면",,564,
경기도,,유명산,,"경기도 가평군 설악면, 양평군 옥천면",,864,
경기도,,은두봉,,"경기도 남양주시 수동면, 가평군 상면",,678,
경기도,,장락산,,"경기도 가평군 설악면, 강원도 홍천군 서면",,627,
경기도,,전패봉(우정봉),,"경기도 가평군 가평읍, 하면",,701,
경기도,,정광산,,경기도 용인시 모현면,,563,
경기도,,정암산,,경기도 광주군 남종면,,403,
경기도,,조비산,,경기도 용인시 백암면,,260,
경기도,,종자산,,경기도 포천시 관인면,,643,
경기도,,종현산,,경기도 포천시 청산면,,588,
경기도,,주금산,,"경기도 남양주시 수동면, 포천시 내촌면, 가평군 상면",,813.6,
경기도,,주발봉,,경기도 가평군,,489,
경기도,,주읍산,,"경기도 양평군 양평읍, 개군면, 지제면",,583,
경기도,,중미산,,경기도 가평군 설악면,,833,
경기도,,중봉,,경기도 가평군,,1424,
경기도,,중원산,,"경기도 양평군 용문면, 단월면",,800,
경기도,,천덕봉,,"경기도 이천시 실촌면, 신둔면",,630,
경기도,,천마산,,"경기도 남양주시 오남읍, 화도읍",,810.3,
경기도,,천보산,,경기도 양주시 회천읍,,337,
경기도,,청계산,,"경기도 양평 서종면, 양서면",,849,
경기도,,청계산,,"경기도 포천시 일동면, 가평군 하면",,618,
경기도,,청명산,,경기도 화성시,,155,
경기도,,청우산,,"경기도 가평군 상면, 외서면",,619,
경기도,,초록산,,경기도 화성시,,152,
경기도,,촉대봉,,경기도 가평군 북면·강원도 춘천시 사북면,,1125,
경기도,,축령산,,"경기도 남양주시 수동면, 가평군 상면",,887.1,
경기도,,칠보산,,"경기도 수원, 화성",,234,
경기도,,칠봉산,,"경기도 동두천시 송내동, 불현동",,506,
경기도,,칠봉산,,경기도 양주시 회천읍,,506,
경기도,,칠장산,,"경기도 안성시 죽산면, 금광면, 삼죽면",,492,
경기도,,칼봉산,,경기도 가평군 가평읍,,900,
경기도,,태을봉,,"경기도 군포시, 안양시",,488,
경기도,,태화산,,경기도 광주시 도척면,,641.1,
경기도,,통방산,,"경기도 양평군 서종면, 가평군 설악면",,650,
경기도,,팔강산,,경기도 구리시 갈매동,,150,
경기도,,편전산,,경기도 양평군,,376,
경기도,,한나무봉,,"경기도 포천시 일동면, 가평 북면",,768,
경기도,,함왕봉,,경기도 양평군,,947,
경기도,,해협산,,"경기도 광주군 퇴촌면, 남종면",,531,
경기도,,호명산,,경기도 가평군 청평면,,632.4,
경기도,,화악산(중봉),,"경기도 가평군 북면, 화천군 사내면",,1468.3,
경기도,,화야산,,"경기도 가평군 설악면, 외서면",,755,
경기도,,화인봉,,경기도 가평군 관인면 중리,,805,
강원도,,가리봉,,강원도 인제군,,1519,
강원도,,가리산,,"강원도 춘천시 북산면ㆍ동면, 홍천군 두촌면ㆍ화촌면",,1050.9,
강원도,,가리왕산,,"강원도 정선군 정선읍 회동리ㆍ북평면, 평창군 진부면",,1561.9,
강원도,,가마봉,,"강원도 홍천군 내촌면, 인제군 남면",,925,
강원도,,가칠봉,,강원도 인제군 기린면 진동리,,1242,
강원도,,각희산,,"강원도 정선군 동면, 임계면",,1083,
강원도,,간대산,,강원도 삼척시 신기면 신기리,,502,
강원도,,간현봉,,강원도 원주시 지정면,,386,
강원도,,갈경산,,"강원도 삼척시 원덕읍, 가곡면",,783,
강원도,,갈미봉,,"강원도 원주시, 충청북도 충주시",,595,
강원도,,감악산,,강원도 원주시 신림면,,945,
강원도,,감악삼봉,,강원도 원주시,,925,
강원도,,개인산,,강원도 인제군 상남면ㆍ홍천군 내면,,1341.9,
강원도,,거문산,,강원도 평창군,,1173,
강원도,,검각산,,강원도 영월군 남면,,505,
강원도,,검봉,,강원도 춘천시 남산면,,530,
강원도,,계방산,,"강원도 홍천군 내면, 평창군 용편면ㆍ진부면",,1579.1,
강원도,,계족산,,강원도 영월군 영월읍,,890,
강원도,,고고산,,"강원도 영월군, 정선군",,854,
강원도,,고두산,,강원도 평창군 대화면,,1030,
강원도,,고루포기산,,"강원도 강릉시, 평창군",,1238,
강원도,,고성산,,강원도 고성군간성읍 금수리,,186,
강원도,,고성산,,강원도 삼척시,,546,
강원도,,고양산,,강원도 정선군,,1151,
강원도,,곧은봉,,강원도 춘천시 동면,,499,
강원도,,곰바위봉,,강원도 원주시,,627,
강원도,,곰봉,,강원도 영월군,,1015,
강원도,,공작산,,"강원도 홍천군 동면, 화촌면",,887.4,
강원도,,괘방산,,강원도 강릉시 강동면,,339,
강원도,,구룡산,,강원도 영월군,,283,
강원도,,구룡산,,강원도 원주시 지정면,,479,
강원도,,구봉대산,,강원도 영월군 수주면,,870,
강원도,,구봉산,,강원도 춘천시,,440,
강원도,,구절산,,"강원도 춘천시 동산면, 홍천군 북방면",,750,
강원도,,구학산,,"강원도 원주시, 충청북도 제천시",,983,
강원도,,근산,,강원도 삼척시 미로면 내미로리,,505,
강원도,,금당산,,강원도 평창군 용평면,,1173,
강원도,,금대봉,,강원도 태백시 삼수동,,1418,
강원도,,금학산,,강원도 철원군 동송읍,,576,
강원도,,금확산,,"강원도 홍천군 북방면, 남면",,655,
강원도,,기룡산,,강원도 인제군 인제읍 상동리,,662,
강원도,,기마봉,,강원도 강릉시,,383,
강원도,,기우산,,강원도 정선군 정선읍 신월리,,870,
강원도,,꼭두봉,,강원도 영월군,,860,
강원도,,나팔봉,,강원도 정선군 정선읍 광하리,,662,
강원도,,남대봉,,"강원도 원주시 판부면, 신림면",,1182,
강원도,,남병산,,강원도 평창군,,1150,
강원도,,노목산,,"강원도 정선군 사북읍, 동면",,1150,
강원도,,노인봉,,"강원도 강릉시, 평창군",,1338,
강원도,,노추산,,강원도 강릉시 왕산면·정선군 북면,,1322,
강원도,,뇌암산,,강원도 삼척시 가곡면,,812,
강원도,,능경봉,,"강원도 강릉시, 평창군",,1123,
강원도,,다락산,,"강원도 강릉시 왕산면, 정선 북면",,1018,
강원도,,닭이봉,,강원도 정선군,,1028,
강원도,,대덕산,,강원도 삼척시 도계읍,,1290,
강원도,,대덕산,,강원도 태백시 삼수동,,1310.3,
강원도,,대암산,,"강원 양구군 동면, 인제군 서화면",,1312.6,
강원도,,대학산,,"강원도 홍천군 동면, 서석면",,876,
강원도,,덕고산,,"강원도 횡성군, 홍천군",,1125,
강원도,,덕우산,,"강원도 강릉시 왕산면, 정선군 임계면",,1007,
강원도,,덕항산,,강원도 삼척시 신기면ㆍ태백시 하사미동,,1072.9,
강원도,,동대산,,강원도 평창군 진부면,,1434,
강원도,,돼지봉,,강원도 영월군,,818,
강원도,,된불데기산,,강원도 영월군,,910,
강원도,,두개비산,,강원도 홍천군,,250,
강원도,,두류산,,"강원도 화천군 사내면, 하남면",,993,
강원도,,두위봉,,"강원도 정선군 남면, 사북읍·영월군  중동면 직동리",,1470,
강원도,,두타산,,"강원도 동해시 삼화동, 삼척시 미로면ㆍ하자면",,1357,
강원도,,등선봉,,강원도 춘천시 강촌,,632,
강원도,,등잔봉,,강원도 춘천시,,834,
강원도,,마대산,,"강원도 영월군 하동면, 충청북도 단양군 영춘면",,1052,
강원도,,마명산,,강원도 강릉시,,113,
강원도,,마산,,강원도 고성군 간성읍,,1052,
강원도,,마적산,,"강원도 춘천시 신북읍, 북산면",,610.3,
강원도,,망경대산,,강원도 영월군 하동면,,1088,
강원도,,매봉산,,강원 영월 상동읍. 중동면,,1095,
강원도,,매봉산,,"강원도 원주시 신림면, 영월군 수주면",,806,
강원도,,매화산,,강원도 원주시 소초면,,954,
강원도,,맹현봉,,강원도 홍천군 내면,,1214,
강원도,,면산,,강원도 삼척시,,1245,
강원도,,명봉산,,강원도 원주시 문막,,599,
강원도,,명성산,,"강원도 철원군 갈말읍, 경기도 포천시 영북면ㆍ이동면",,922,
강원도,,모산봉,,강원도 강릉시,,104,
강원도,,목우산,,강원도 영월군 하동면,,1066,
강원도,,무학봉,,"강원도 화천군 사내면, 경기도 포천시",,832,
강원도,,문수봉,,"강원도 태백시, 경상북도 봉화군 석포면",,1162,
강원도,,문암산,,강원도 홍천군 내면,,1146,
강원도,,미륵산,,강원도 원주시 귀래면,,696,
강원도,,민둥산,,강원도 정선군 남면,,1118,
강원도,,바위산,,강원도 춘천시 북산면,,858,
강원도,,박지산(두타산),,강원도 평창군 진부면,,1391.4,
강원도,,발교산,,"강원도 홍천군 동면, 횡성군 청일면",,998,
강원도,,발왕산,,"강원도 평창군 도암면, 진부면ㆍ강릉시 왕산면",,1458,
강원도,,밥봉,,강원도 강릉시 옥계면 천남리,,337,
강원도,,방태산,,"강원도 인제군 기린면, 상남면",,1445.7,
강원도,,백덕산,,"강원도 평창군 방림면, 횡성군 안흥면, 영월군 수주면",,1350.1,
강원도,,백병산,,강원도 태백시 황연동,,1259,
강원도,,백석봉,,강원도 정선군 북평면,,1170,
강원도,,백석산,,"강원도 평창군 대화면, 진부면",,1365,
강원도,,백우산,,강원도 홍천군 내촌면,,895,
강원도,,백운산(정선),,"강원도 정선군 신동읍, 평창군 미탄면",,883.5,
강원도,,백이산,,강원도 정선군,,369,
강원도,,백적산,,"강원도 평창군 대화면, 진부면",,1141,
강원도,,번암산,,강원도 화천군 사내면,,840,
강원도,,범바위봉,,강원도 삼척시 가곡면,,626,
강원도,,벼락바위봉,,강원도 원주시,,939,
강원도,,벽암산,,강원 정선 남면,,923,
강원도,,병무산,,"강원도 횡성군 갑천면, 청일면",,920,
강원도,,병풍산,,강원도 화천군,,796,
강원도,,보개산,,"강원도 철원군, 경기도 연천군, 포천시",,780,
강원도,,보래봉,,강원도 평창군 봉평면,,1324,
강원도,,보석봉,,강원도 평창군,,985,
강원도,,복계산,,강원도 철원군 근남면,,1054,
강원도,,복두산,,강원도 삼척시 가곡면,,978,
강원도,,복주산,,강원도 철원군 근남면·화천군 사내면,,1152.1,
강원도,,봉래산,,강원도 영월군 영월읍,,856,
강원도,,봉복산,,"강원도 횡성군 청일면, 홍천군 서석면",,1022,
강원도,,봉화봉,,강원도 인제군 북면 원통리,,590,
강원도,,봉화산,,강원도 춘천시 남산면,,329,
강원도,,봉화산,,강원도 춘천시 북산면,,734,
강원도,,봉화산,,강원도 홍천군,,487,
강원도,,부용산,,강원도 춘천시,,882,
강원도,,불금봉,,강원도 홍천군 북방면 성동리,,499,
강원도,,불화산,,강원도 강릉시 강동면,,31,
강원도,,비산,,강원도 원주시 영월군,,694,
강원도,,사금산,,"강원도 삼척시 도계읍, 원덕읍",,1092,
강원도,,사달산,,"강원도 강릉, 정선",,1187,
강원도,,사명산,,"강원도 춘천시 북산면, 화천군 간동면, 양구군 양구읍",,1198.1,
강원도,,사자산,,"강원도 영월군 수주면, 횡성군 안흥면",,1181,
강원도,,삼방산,,"강원도 태백시, 경상북도 봉화군 석포면",,1175,
강원도,,삼방산,,강원도 평창군 평창읍,,980,
강원도,,삼봉,,강원도 원주시,,1073,
강원도,,삼악산,,강원도 춘천시 서면,,655.8,
강원도,,삼형제봉,,강원도 강릉시 주문진읍 삼교리 / 양양군 현남면,,714,
강원도,,삽다리봉,,강원도 춘천시 북산면,,610,
강원도,,삿갓봉,,강원도 강릉시,,1055,
강원도,,삿갓봉,,강원도 춘천시 사북면,,716,
강원도,,삿갓봉,,"강원도 평창군 평창읍, 미탄면",,400,
강원도,,삿갓봉,,강원도 횡성군,,716,
강원도,,상원산,,"강원도 정선군 북평면, 북면",,1421,
강원도,,상정바위,,강원도 정선군,,1006,
강원도,,상해봉,,강원도 철원군,,1024,
강원도,,새득이봉,,"강원도 춘천시, 홍천군",,935,
강원도,,샛등봉,,강원도 화천군 사내면,,885,
강원도,,석두봉,,강원도 강릉시,,991,
강원도,,석병산,,"강원도 강릉시 옥계면, 왕산면ㆍ정선군 임계면",,1052.5,
강원도,,선바위봉,,"강원도 횡성군, 영월군",,1001,
강원도,,선자령,,"강원도 강릉시, 평창군",,1157,
강원도,,설악산,,"강원도 속초시 설악동, 인제군 북면ㆍ인제읍, 양양군 서면ㆍ강현면",,1708.1,
강원도,,설악산 공룡능선,,강원도 속초시 설악동,,1708,
강원도,,설악산 울산바위,,강원도 속초시 설악동,,873,
강원도,,성치산,,강원도 홍천군 북방면,,554,
강원도,,소뿔산,,강원도 홍천군 내면,,1108,
강원도,,소주봉,,강원도 춘천시,,475,
강원도,,수리봉,,강원도 원주시,,427,
강원도,,수리봉,,강원도 춘천시 동내면ㆍ동산면,,645,
강원도,,수리봉,,강원도 홍천군 횡성군,,1019,
강원도,,숲뒤산,,강원도 삼척시 하장면,,1065,
강원도,,쉰움산,,"강원도 삼척시 미로면, 동해시 삼화동",,683,
강원도,,승두봉,,"강원도 평창군 방림면, 대화면",,1013,
강원도,,시루봉,,강원도 강릉시 경포대,,73,
강원도,,신선바위봉,,강원도 영월군 주천면,,1068,
강원도,,십자봉,,"강원도 원주시 귀래면, 충청북도 제천시 백운면",,985,
강원도,,아미산,,강원도 홍천군 서석면,,961,
강원도,,안산,,강원도 인제군 북면,,1430,
강원도,,약수봉,,"강원도 홍천군 동면, 화촌면",,559,
강원도,,약수산,,강원도 홍천군 내면,,1306,
강원도,,어답산,,강원도 횡성군 갑천면,,789,
강원도,,연엽산,,"강원도 춘천시 동산면, 홍천시 북방면",,775,
강원도,,연화산,,강원도 태백시 문곡동,,1171.8,
강원도,,염장봉,,강원도 정선군 북면 여량리,,689,
강원도,,오대산,,"강원도 평창군 진부면, 홍천군 내면, 강릉시 연곡면",,1565.4,
강원도,,오대산 호령봉,,"강원도 평창군 진부면, 도암면, 홍천군 내면",,1560,
강원도,,오봉산,,강원도 강릉시,,235,
강원도,,오봉산,,"강원도 춘천시 북산면, 화천군 간동면",,777.9,
강원도,,오봉산,,"강원도 횡성군, 평창군",,1136,
강원도,,오음산,,"강원도 횡성군, 홍천군",,930,
강원도,,옥갑산,,"강원도 정선군 북면, 북평면",,1285,
강원도,,옥녀봉,,강원동 평창군 도암면,,555,
강원도,,완택산,,강원도 영월군 영월읍,,917.6,
강원도,,왕치산,,강원도 정선군 임계면,,900,
강원도,,용인등봉,,강원도 삼척시 가곡면,,1124,
강원도,,용화산,,"강원도 화천군 간동면ㆍ하남면, 춘천시 사북면",,877.8,
강원도,,운계봉,,강원도 강릉시,,531,
강원도,,운교산,,"강원도 영월군 하동면, 중동면",,925,
강원도,,운무산,,"강원도 횡성군 청일면, 홍천군 서석면",,978.5,
강원도,,운봉산,,강원도 고성군 토성면 운봉리,,47,
강원도,,월대산,,강원도 강릉시 성덕동,,75,
강원도,,육백산,,강원도 삼척시 도계읍 황조리,,1251,
강원도,,응복산,,강원도 홍천군 내면,,1156,
강원도,,응봉산,,"강원도 삼척시 가곡면ㆍ원덕읍, 경상북도 울진군 북면",,999.7,
강원도,,응봉산,,"강원도 삼척시 도계읍,노곡면",,1268,
강원도,,잠두산,,강원도 평창군,,1243,
강원도,,장산,,강원도 영월군 상동읍,,1409,
강원도,,장암산,,강원도 평창군 평창읍,,833,
강원도,,재래봉,,강원도 평창군,,619,
강원도,,절개산,,"강원도 평창군, 영월군",,876,
강원도,,절산,,강원도 화천,,334,
강원도,,점봉산,,"강원도 양양군 서면, 인제군 기린면ㆍ인제읍",,1426,
강원도,,접산,,강원도 영월군,,823,
강원도,,제왕산,,"강원도 강릉시 왕산면, 성산면",,841,
강원도,,조고봉,,강원도 강릉시 왕산면 대기리,,1189,
강원도,,조봉,,강원도 양양군,,1182,
강원도,,좌방산,,강원도 춘천시 남면 발산리,,435,
강원도,,주걱봉,,"강원도 인제군 북면, 인제읍",,1401,
강원도,,주봉산,,강원도 속초시,,338,
강원도,,죽엽산,,강원도 화천군,,859,
강원도,,중봉산,,강원도 삼척시 가곡면,,740,
강원도,,중왕산,,"강원도 평창군 진부면, 정선군",,1376,
강원도,,지각산,,강원도 삼척시 하장면,,904,
강원도,,지억산,,강원도 정선군 동면ㆍ남면,,1117,
강원도,,질운산,,"강원도 영월군 중동면, 정선군 신동읍",,1172,
강원도,,창안산,,강원도 화천,,542,
강원도,,천삼산,,"강원도 원주시, 충청북도 제천시",,819,
강원도,,천지봉,,"강원도 원주시 소초면, 횡성군 안흥면",,1087,
강원도,,청옥산,,"강원도 동해시 삼화동, 삼척시 정선군",,1403,
강원도,,청옥산,,강원도 평창군 평창읍,,1256,
강원도,,청태산,,"강원도 횡성군 둔내면, 평창군 봉평면, 방림면",,1200,
강원도,,초록봉,,강원도 동해시,,528.7,
강원도,,치바위산,,강원도 삼척시 가곡면,,835,
강원도,,치악산,,"강원도 원주시, 횡성군, 영월군",,1282,
강원도,,칠봉산,,강원도 강릉시,,330,
강원도,,태기산,,"횡성군 둔내면, 평창군 봉평면, 홍천군 서석면",,1261,
강원도,,태백산,,"강원도 태백시, 경상북도 봉화군 석포면",,1566.7,
강원도,,태봉산,,강원도 강릉시 강동면 모전리,,116,
강원도,,태봉산,,강원도 삼척시 오사동,,169,
강원도,,태화산,,"강원도 영월군 영월읍, 충청북도 단양군 영춘면",,1027.5,
강원도,,팔봉산,,강원도 홍천군 서면 팔봉리,,328.2,
강원도,,피래산,,강원도 강릉시,,754,
강원도,,한석산,,강원도 인제군,,1103,
강원도,,함백산,,"강원도 태백시, 영월군 상동읍, 정선군 고한읍",,1573,
강원도,,향로봉,,"강원도 원주시 행구동, 판부면, 신림면, 횡성군 강림면",,579,
강원도,,향로봉,,강원도 춘천시 칠전동,,1043,
강원도,,화란봉,,강원도 강릉시 왕산면,,1069,
강원도,,황병산,,강원도 평창군 도암면 병내리,,1407,
강원도,,황장산,,"강원도 삼척시 미로면 활기리,화장면 번천리",,1069,
강원도,,회령봉,,강원도 평창군 봉평면,,1309,
강원도,,회목봉,,"강원도 화천군 사내면, 철원군 근남면",,1027,
강원도,,후봉,,강원도 춘천시,,575,
강원도,,흥정산,,강원도 평창군 봉평면 흥정리,,1279,
충청북도,,가령산,,충청북도 괴산군,,642,
충청북도,,가은산,,충청북도 제천시 수산면,,575,
충청북도,,갈기산,,충청북도 영동군,,585,
충청북도,,것대산,,"충청북도 청주시 상당구, 청원구 낭성면",,484,
충청북도,,계명산,,충북 충주시 안림동ㆍ용탄동ㆍ종민동,,622,
충청북도,,구녀산,,충청북도 청원군 북일면 조정리,,493,
충청북도,,구담봉,,"충청북도 제천시 수산면 괴곡리, 계란리",,373,
충청북도,,구룡산,,"충청북도 청원군 현도면, 문의면",,370,
충청북도,,국망산,,충청북도 충주시 앙성면 본평리,,770,
충청북도,,국봉,,"충청북도 단양군, 제천시",,628,
충청북도,,군자산,,충청북도 괴산군 칠성면,,948,
충청북도,,금단산,,충청북도 괴산군 청천면,,767,
충청북도,,금수산,,충청북도 제천시 수산면ㆍ단양군 적성면,,1015.8,
충청북도,,금적산,,충청북도 보은군 삼승면 서원리,,652,
충청북도,,깃대봉,,충청북도 괴산군 연풍면 원풍리,,644,
충청북도,,꾀꼬리봉,,충청북도 제천시 덕산면 월악리,,890,
충청북도,,낙가산,,"충청북도 청주시 상당구 용정동, 용암동",,475,
충청북도,,낙영산,,충청북도 괴산군 청천면,,746,
충청북도,,남군자산,,충청북도 괴산군 청천면 관평리,,827,
충청북도,,남산,,"충청북도 충주시 직동, 살미면",,636,
충청북도,,달이산(월이산),,충청북도 옥천군 이원면,,555.1,
충청북도,,대성산,,"충북 옥천군 이원면, 충남 금산군 군북면",,705.9,
충청북도,,덕절산,,충청북도 단양군 단성면,,780,
충청북도,,덕주봉,,충청북도 제천시 한수면,,893,
충청북도,,도락산,,"충청북도 단양군 단성면, 대강면",,965.3,
충청북도,,도명산,,충청북도 괴산군 청천면,,642,
충청북도,,동림산,,충청북도 청원군,,457,
충청북도,,동산,,"충북 제천시 금성면, 청풍면·단양군 적성면",,895.5,
충청북도,,두악산,,충청북도 단양 단성면,,732,
충청북도,,두타산,,"충북 진천군 초평면, 괴산군 도안면, 증평읍",,598.5,
충청북도,,둔지미산,,충청북도 단양군,,650,
충청북도,,둥지봉,,충청북도 단양군,,822,
충청북도,,떡갈봉,,충청북도 제천시,,544,
충청북도,,마니산,,"충청북도 영동군, 옥천군",,469,
충청북도,,마분봉,,충청북도 괴산군 연풍면,,776,
충청북도,,만뢰산,,충청북도 진천군 진천읍 연곡리,,611,
충청북도,,만수봉,,"충청북도 제천시 한수면, 덕산면, 충주시 상모면",,983,
충청북도,,말목산,,충청북도 단양군 적성면 하진리,,710,
충청북도,,망덕봉,,충청북도 제천시,,926,
충청북도,,메두막봉,,충청북도 제천시,,1100,
충청북도,,메밀봉,,"충청북도 제천시 덕산면, 한수면",,839,
충청북도,,면위산,,충청북도 충주시 동량면,,780,
충청북도,,목령산,,충청북도 청원군,,229,
충청북도,,묘봉,,"충청북도 보은군 산외면 신정리, 경상북도 봉화군 석포면",,874,
충청북도,,묘적봉,,"충청북도 단양군, 경상북도 영주시",,1148,
충청북도,,무제봉,,충청북도 진천군 이월면 선계리,,573,
충청북도,,문수봉,,"충청북도 제천시, 경상북도 문경시",,1517,
충청북도,,미남봉,,"충청북도 보은군 산외면, 경상북도 상주시 화북면",,610,
충청북도,,민주지산,,"충청북도 영동군 상촌면ㆍ용화면, 전라북도 무주군 설천면, 경상북도 김천시 부항면",,1241.7,
충청북도,,박달산,,충북 괴산군 감물면ㆍ장연면,,824.5,
충청북도,,박쥐봉,,충청북도 충주시 상모면,,782,
충청북도,,발치봉,,충청북도 충주시 살미면,,550,
충청북도,,백마산,,충북 괴산군 사리면 노송리,,772,
충청북도,,백운산,,충북 제천시 백운면,,1087,
충청북도,,백족산,,충북 청원군 낭성면 추정리,,402,
충청북도,,백하산,,"충청북도 영동 학산면,전라북도 무주",,634,
충청북도,,백화산,,"충청북도 영동군 황간면, 경상북도 상주군 모동면",,1063,
충청북도,,보개산,,"충청북도 괴산군 장연면, 칠성면",,877,
충청북도,,보광산,,충청북도 괴산군 사리면,,539,
충청북도,,보련산,,"충청북도 충주시 앙성면, 노은면",,765,
충청북도,,부모산,,"충청북도 청주시 흥덕구 비하동, 지동동",,232,
충청북도,,부용산,,"충청북도 음성군 음성읍, 금왕읍",,644,
충청북도,,북바위산,,"충청북도 충주시 상모면, 제천시 한수면",,772,
충청북도,,비봉산,,충북 제천시 청풍면,,361,
충청북도,,사랑산,,충청북도 괴산군 청천면,,647,
충청북도,,사봉,,충청북도 단양군 단성면,,879,
충청북도,,삼봉산,,충청북도 제천시 백운면,,910,
충청북도,,삼태산,,충청북도 단양군 어상천면,,876,
충청북도,,상당산성,,충청북도 청주시 상당구,,491,
충청북도,,샘봉산,,충청북도 청원군 문의면,,462,
충청북도,,서방산,,충청북도 청원군 문의면,,462,
충청북도,,석화봉,,충청북도 단양군,,834,
충청북도,,선도산,,"충청북도 청원군 낭성면 무성리, 지산리, 현암리",,547,
충청북도,,선미봉,,충청북도 단양군 대강면,,1080,
충청북도,,성불산,,충청북도 괴산군 감물면 매전리,,532,
충청북도,,송학산,,충청북도 제천시 송학면ㆍ강원도 영월군 주천면,,819,
충청북도,,수레의산,,충청북도 음성군 생극면,,679,
충청북도,,수리봉,,충청북도 단양군 단성면 방곡리,,960,
충청북도,,수주팔봉,,충청북도 충주시 살미면 향산리,,490,
충청북도,,시랑산,,"충청북도 제천시 백운면, 봉양읍",,691,
충청북도,,시루봉,,충청북도 괴산군 연풍면 주진리,,915,
충청북도,,신선봉,,"충북 제천시 청풍면, 수산면",,891,
충청북도,,신선봉,,"충청북도 충주시 상모면, 괴산군 연풍면",,486,
충청북도,,신선암봉,,충청북도 괴산군 연풍면 원풍리,,937,
충청북도,,아가봉,,충청북도 괴산군 청천면 운교리,,541,
충청북도,,악휘봉,,충청북도 괴산군 연풍면 적석리,,845,
충청북도,,양성산,,충북 청원군 문의면,,300.6,
충청북도,,양천산,,충청북도 진천군 문백면,,350,
충청북도,,어래산,,충청북도 단양군,,1064,
충청북도,,오갑산,,"충청북도 음성군 감곡면, 경기도 여주군 점동면",,609,
충청북도,,옥녀봉,,충청북도 괴산군 칠성면 사은리,,599,
충청북도,,올산,,충청북도 단양군 대강면 올산리,,858,
충청북도,,용두산,,충청북도 제천시 송학면,,871,
충청북도,,용마봉,,충청북도 제천시 한수면 송계리,,687,
충청북도,,용바위봉,,"충청북도 제천시, 단양군",,750,
충청북도,,용산봉,,충청북도 단양군,,944,
충청북도,,용소봉,,충청북도 영동군,,462,
충청북도,,용암봉,,충청북도 제천시 한수면 송계리,,892,
충청북도,,우암산,,"충청북도 청주시 상당구 내덕동, 우암동, 수동, 대성동",,338,
충청북도,,월류봉,,충청북도 영동군 황간면,,401,
충청북도,,월악산,,"충청북도 제천시 한수면, 덕산면",,1095.3,
충청북도,,월악수리봉,,충청북도 제천시 한수면 송계리,,761,
충청북도,,월악시루봉,,충청북도 제천시,,770,
충청북도,,월항삼봉,,"충청북도 충주시 상모면 미륵리, 경상북도 문경시",,851,
충청북도,,월형산,,충청북도 제천시 한수면 탄지리,,526,
충청북도,,은적산,,충청북도 청원군,,206,
충청북도,,이성산,,충청북도 증평군,,257,
충청북도,,인등산,,충북 충주시 동량면ㆍ산척면,,666,
충청북도,,작성산,,충북 제천시 금성면 성내리,,840,
충청북도,,작은동산,,충북 제천시 청풍면 교리,,545,
충청북도,,장용산,,충청북도 옥천군 군서면 금산리,,656,
충청북도,,저승봉,,충청북도 제천시 청풍면 학현리,,596,
충청북도,,제비봉,,충청북도 단양군 단성면,,721,
충청북도,,조령산,,"충청북도 괴산군 연풍면, 경상북도 문경시 문경읍",,1025,
충청북도,,조봉산,,충청북도 괴산군 청천면,,687,
충청북도,,좌구산,,"충청북도 증평군 증평읍, 청원군 미원면",,658,
충청북도,,주론산,,"충청북도 제천시 봉양읍, 백운면",,903,
충청북도,,주봉산,,충청북도 충주시 동량면,,643,
충청북도,,주월산,,충청북도 괴산군 장연면,,470,
충청북도,,주행봉,,충북 영동군 황간면,,874,
충청북도,,중대봉,,충청북도 괴산군,,830,
충청북도,,지등산,,충청북도 충주시 동량면 조동리,,535,
충청북도,,천등산,,"충청북도 충주시 산척면, 제천시 백운면",,554,
충청북도,,천태산,,"충청북도 영동군 양산면, 충청남도 금산면 제원면",,715.2,
충청북도,,첩푸산,,"충청북도 충주시 상모면 중산리, 온천리",,699,
충청북도,,칠보산,,충북 괴산군 청안면,,778,
충청북도,,하설산,,충청북도 제천시 덕산면,,1028,
충청북도,,형제봉,,충청북도 단양군 영춘면,,1115,
충청북도,,홀통골산,,충청북도 단양군 영천면,,1029,
충청북도,,환희산,,충청북도 진천군 문백면 봉죽리,,402,
충청북도,,황정산,,충청북도 단양군,,959,
충청남도,,가마봉,,충청남도 공주시 반포면,,416,
충청남도,,가야산,,충청남도 서산시 운산면·예산군 덕산면,,678.2,
충청남도,,광덕산,,"충청남도 천안시 광덕면, 아산시 송악면",,699.3,
충청남도,,금성산,,충청남도 부여군 부여읍,,121,
충청남도,,금오산,,충남 예산군 예산읍,,234.4,
충청남도,,남산,,"충청남도 홍성군 홍성읍 남장리, 옥암리",,221,
충청남도,,노성산,,충남 논산시 노성면,,348.9,
충청남도,,대둔산,,"충청남도 논산시 벌곡면ㆍ금산군 진산면, 전라북도 완주군 온주면",,878.9,
충청남도,,덕봉산,,충청남도 예산군 예산읍 수철리 449,,474,
충청남도,,덕숭산(수덕산),,충청남도 예산군 덕산면,,495.2,
충청남도,,도고산,,"충남 아산시 도고면, 예산군 예산읍",,482,
충청남도,,도덕봉 (흑룡산),,"충남 공주시 반포면, 대전 유성구",,534,
충청남도,,도비산,,충청남도 서산시 인지면,,352,
충청남도,,만수산,,"충청남도 부여군 외산면, 보령시 미산면",,575,
충청남도,,망경산,,"충청남도 천안시, 아산시",,385,
충청남도,,명덕산,,충청남도 공주시,,329,
충청남도,,무성산,,충남 공주시 우성면 한천리,,613.9,
충청남도,,미궐산,,충청남도 청양군,,369,
충청남도,,배방산,,충청남도 아산시 배방면,,361,
충청남도,,백마산,,"충청남도 금산군 진산면 삼가리, 엄정리",,460,
충청남도,,백암산,,충청남도 금산군 남이면,,650,
충청남도,,백월산,,충청남도 홍성군,,394,
충청남도,,백화산,,충청남도 태안군 태안읍,,284,
충청남도,,봉수산,,"충청남도 아산시 송악면 유곡리,송학리,강장리",,535,
충청남도,,봉수산,,"충청남도 예산군 대흥면, 광시면ㆍ홍성군 금마면",,483,
충청남도,,봉황산,,충청남도 보령시,,149,
충청남도,,부소산,,충청남도 부여군 부여읍,,106,
충청남도,,비봉산,,충청남도 청양군,,138,
충청남도,,서대산,,"충청남도 금산군 추부면ㆍ군북면, 충청북도 옥천군 군서면",,904.1,
충청남도,,서원산,,충청남도 예산군,,481,
충청남도,,석문봉,,"충청남도 예산군 덕산면, 서산시 해미면",,653,
충청남도,,선야봉,,충청남도 금산군 남이면ㆍ전라북도 완주군 운주면,,758.7,
충청남도,,설화산,,충청남도 아산시,,440,
충청남도,,성거산,,"충청남도 천안시 성거읍, 입장면, 북면",,579,
충청남도,,성주산,,"충남 부여군 성주면, 보령시 청라면",,677,
충청남도,,아미산,,"충남 보령시 미산면, 부여군 외산면",,630,
충청남도,,아미산,,충청남도 당진시,,350,
충청남도,,약산,,충청남도 공주시 우성면,,280,
충청남도,,양각산,,"충청남도 보령시 웅천읍, 미산면",,467,
충청남도,,오서산,,"충청남도 보령시 청소면, 청라면·홍성군 광천읍",,789.9,
충청남도,,옥마산,,"충청남도 보령시 성주면, 명천동",,601,
충청남도,,옥양봉,,"충청남도 예산군 덕산면, 서산시 해미면",,621,
충청남도,,용봉산,,충청남도 홍성군 홍북면ㆍ예산군 덕산면,,381,
충청남도,,운주산,,"충청남도 연기군 전동면, 전의면",,460,
충청남도,,월명산,,충청남도 서천군 비인면 성내리,,298,
충청남도,,월봉산,,충청남도 천안시,,133,
충청남도,,위례산,,충청남도 천안시,,523,
충청남도,,은석산,,충남 천안시 북면ㆍ병천면,,455,
충청남도,,일락산,,충청남도 서산시,,521,
충청남도,,작성산,,충청남도 천안시 병천면 매성리 북면 매송리,,771,
충청남도,,장학산,,"충청남도 공주시 유구읍, 예산군",,381,
충청남도,,진악산,,충남 금산군 금산읍,,732.3,
충청남도,,채죽산,,충청남도 공주시 우성면,,177,
충청남도,,천방산,,"충청남도 서천군 판교면, 문산면",,324,
충청남도,,천방산,,충청남도 예산군,,485,
충청남도,,천태산,,충청남도 공주시,,392,
충청남도,,취암산,,충청남도 천안시,,321,
충청남도,,칠갑산,,"충청남도 청양군 대치면, 정산면, 장평면",,559.7,
충청남도,,칠봉산,,충청남도 공주시 탄천면 대학리,,234,
충청남도,,태수산,,충청남도 공주시 태봉동,,133,
충청남도,,태조산(태조봉),,충청남도 천안시 안서동,,420.1,
충청남도,,팔봉산,,충남 서산시 팔봉면,,362,
충청남도,,평안산,,충청남도 공주시 탄천면 운곡리,,168,
충청남도,,향적산,,"충청남도 계룡시 향한리, 논산시 상월면",,574,
충청남도,,호태산,,충청남도 공주시 신관동,,138,
충청남도,,황적봉,,"충청남도 공주시 반포면, 논산시 두마",,664,
충청남도,,흑성산,,충청남도 천안시,,495,
충청남도,,희리산,,충남 서천군 종천면,,327.1,
전라북도,,강천산,,"전라북도 순창군 팔덕면, 전라남도 담양군 용면",,583.7,
전라북도,,견두산,,"전라북도 남원시, 전라남도 구례군",,804,
전라북도,,경각산,,"전북 완주군 구이면, 임실군 신덕면",,659,
전라북도,,경수산,,"전라북도 고창군 시원면, 아산면",,444,
전라북도,,고덕산,,전라북도 임실군,,603,
전라북도,,고덕산,,"전북 전주시 완산구, 완주군 구이면ㆍ상관면",,602.7,
전라북도,,고리봉(두리봉),,전북 남원시 주생면ㆍ금지면ㆍ대강면,,710.1,
전라북도,,고봉산,,전라북도 군산시,,153,
전라북도,,고성산,,전라북도 고창군 성송면/전라남도 장성군 삼계면 부성리,,98,
전라북도,,관음봉,,전라북도 부안군,,433,
전라북도,,교룡산,,전라북도 남원시,,518,
전라북도,,구봉산,,전북 진안군 주천면ㆍ정천면,,1002,
전라북도,,구성산,,"전라북도 김제시 금구면, 금산면",,488,
전라북도,,구수산 갓봉,,전라북도 영광군 백수읍,,344,
전라북도,,구황봉,,전라북도 고창군 아산면,,298,
전라북도,,나래산,,전라북도 임실군,,544,
전라북도,,내동산,,"전라북도 진안군 백운면, 마령면, 성수면",,887,
전라북도,,내변산,,전라북도 부안군 변산면 진서면,,459,
전라북도,,내장산,,"전라북도 정읍시 내장동, 순창군 복흥면ㆍ쌍치면",,763.5,
전라북도,,덕두산,,"전라북도 남원 운봉읍, 동면, 산내면",,1150,
전라북도,,덕유산(향적봉),,"전라북도 무주군ㆍ장수군, 경상남도 거창군ㆍ함양군",,1614.2,
전라북도,,덕태산,,전북 진안군 백운면,,1113,
전라북도,,두승산,,전라북도 정읍시 고부면ㆍ덕천면ㆍ소성면,,444,
전라북도,,마이산,,전라북도 진안군 진안읍ㆍ마령면,,687.4,
전라북도,,만덕산,,"전북 완주군 상관면, 소양면",,765.5,
전라북도,,만복대,,전라북도 남원시 산내면 덕동리,,1433,
전라북도,,만행산,,전라북도 남원시,,909,
전라북도,,모악산,,전라북도 김제시 금산면ㆍ전주시 완산구ㆍ완주군 구이면,,795.2,
전라북도,,문덕봉,,"전라북도 남원시 금지면, 대강면, 주생면",,598,
전라북도,,미륵산,,전북 익산시 금마면ㆍ낭산면ㆍ삼기면,,429.6,
전라북도,,바래봉,,"전라북도 남원시 운봉읍, 산내면",,1165,
전라북도,,방문산,,"전라북도 고창읍, 신림면, 전라남도 장성 북이면",,640,
전라북도,,백련산,,"전라북도 임실군 청웅면, 강진면",,754,
전라북도,,백암산,,"전라북도 순창군 복흥면, 전라남도 장성군 북하면",,741.2,
전라북도,,변산,,"전라북도 부안군 변산면, 상서면, 진서면",,459,
전라북도,,복두봉,,"전라북도 진안 정천면, 주천면",,1017,
전라북도,,봉실산,,"전라북도 완주 봉동읍, 비봉면",,372,
전라북도,,봉화산,,"전라북도 장수군 천천면, 계남면",,338,
전라북도,,부귀산,,"전라북도 진안군 진안읍, 부귀면",,806,
전라북도,,산성산,,"전라북도 순창군,  전라남도 담양군",,603,
전라북도,,서방산,,전라북도 완주군 용진면,,617,
전라북도,,선운산,,전라북도 고창군 아산면ㆍ심원면ㆍ해리면,,334.7,
전라북도,,성미산,,전라북도 임실군,,431,
전라북도,,성수산,,전라북도 임실군 성수면ㆍ진안군 백운면,,876,
전라북도,,성황산,,"전라북도 정읍시 장명동,수성동",,189,
전라북도,,신선봉,,전라북도 부안군,,967,
전라북도,,아양산,,전라북도 정읍시,,298,
전라북도,,안수산,,전라북도 완주군 고산면,,554,
전라북도,,여분산,,전라북도 순창군 구림면,,774,
전라북도,,연석산,,전라북도 진안군,,928,
전라북도,,영대산,,전라북도 장수군 산서면,,666,
전라북도,,오봉산,,"전북 완주군 구이면, 임실군 운암면",,513.2,
전라북도,,오성산,,전라북도 군산시,,227,
전라북도,,용화산,,전라북도 익산시,,342,
전라북도,,운암산,,"전라북도 완주군 동상면, 고산면",,597,
전라북도,,운장산,,"전라북도 진안군 주천면ㆍ부귀면ㆍ정천면, 완주군 동상면",,1125.8,
전라북도,,원등산,,전라북도 완주군,,713,
전라북도,,원통산,,전라북도 임실군,,603,
전라북도,,위봉산,,"전라북도 완주군 소양면, 동상면",,524,
전라북도,,장군봉,,"전라북도 완주군 동상면, 진안군 주천면",,735,
전라북도,,장안산,,"전라북도 장수군 장수읍, 계남면",,1237.4,
전라북도,,적상산,,전라북도 무주군 적상면,,1030.6,
전라북도,,조항산,,전라북도 무주군,,800,
전라북도,,중수봉,,전라북도 완주군 동상면,,548,
전라북도,,지리산,,"전라북도 남원시, 전라남도 구례군, 경상남도 하동군ㆍ산청군ㆍ함양군",,1915.4,
전라북도,,채계산,,전라북도 순창군 적성면,,348,
전라북도,,천등산,,전라북도 완주군 운주면,,707,
전라북도,,천장봉,,전라북도 전주시 상림동,,158,
전라북도,,축령산,,"전북 고창군 고수면, 전남 장성군 서삼면",,622,
전라북도,,치마산,,"전라북도 완주군 구이면, 임실군 신덕면",,567,
전라북도,,칠백육고지,,전라북도 임실군 강진면,,706,
전라북도,,칠백이고지,,전라북도 완주군 고산면,,701,
전라북도,,팔공산,,전라북도 장수군,,1151,
전라북도,,풍악산,,"전북 남원시 대산면, 전남 순창군 동계면",,600,
전라북도,,합미봉,,전라북도 장수군 장계면 명덕리,,1024,
전라북도,,회문산,,전라북도 임실군 덕치면,,837.1,
전라남도,,가야산,,전남 광양시 옥곡면,,496.9,
전라남도,,가야산,,전라남도 나주시 남평읍 수원리,,189,
전라남도,,가지산,,전라남도 장흥군 장평면 우산리,,510,
전라남도,,가학산,,전라남도 해남군 계곡면 당산리,,575,
전라남도,,갈두산,,전라남도 해남 송지면,,155,
전라남도,,감방산,,전라남도 무안군 현경면,,258,
전라남도,,개천산,,전라남도 화순군,,497,
전라남도,,계족산,,"전라남도 구례군 간전면 금산리, 문척면 금정리",,703,
전라남도,,계족산,,"전라남도 순천시 서면, 봉강면",,723,
전라남도,,고락산,,전라남도 여수시 문수동,,350,
전라남도,,고산봉,,"전라남도 함평군,영광군",,362,
전라남도,,곤방산,,전라남도 곡성군 오곡면,,715,
전라남도,,괘일산,,전라남도 담양군 무정면,,455,
전라남도,,구봉산,,전라남도 여수시,,388,
전라남도,,구봉화산(구봉산),,전라남도 광양시,,473,
전라남도,,구수산,,전라남도 영광군,,351,
전라남도,,국사봉,,"전라남도 영암군, 장흥군 유치면목",,655,
전라남도,,군유산,,"전라남도 함평군,영광군",,403,
전라남도,,궁성산,,"전라남도 영암군 금정면, 나주시 봉황면",,484,
전라남도,,금강산,,전라남도 해남군 마산면,,481,
전라남도,,금골산,,전라남도 진도군 군내면,,196,
전라남도,,금성산,,전남 나주시 경현동 대호동,,451,
전라남도,,금오산,,전라남도 여수시 돌산읍,,634,
전라남도,,금전산,,전남 순천시 낙안면,,668,
전라남도,,깃대봉,,전라남도 신안 흑산면 홍도,,360.7,
전라남도,,까치절산,,전라남도 구례군,,295,
전라남도,,남망산,,전남 진도군 의신면,,164,
전라남도,,남산,,전라남도 순천시 남정동,,551,
전라남도,,달마산,,"전라남도 해남군 송지면, 북평면",,498.8,
전라남도,,대미산,,전라남도 여수시,,359,
전라남도,,덕룡산,,"전라남도 강진군 도암면, 신전면",,432.8,
전라남도,,도갑산,,전라남도 영암군 군서면,,376,
전라남도,,도솔봉,,전라남도 광양,,1125,
전라남도,,독실산,,전라남도 신안군 흑산면 가거도,,639,
전라남도,,동악산,,전라남도 곡성군 곡성읍,,737.1,
전라남도,,두륜산,,전라남도 해남군 삼산면ㆍ북일면ㆍ북평면ㆍ현산면,,700,
전라남도,,두봉산,,전라남도 신안군 자은면,,364,
전라남도,,두억산,,전라남도 해남군 계곡면 가학리,,529,
전라남도,,딸각산,,전라남도 고흥군,,420,
전라남도,,마래산,,전라남도 여수시,,385,
전라남도,,마복산,,전라남도 고흥군,,539,
전라남도,,만덕산,,"전라남도 강진군 강진읍, 도암면",,412.1,
전라남도,,만연산,,전라남도 화순군 화순읍,,609,
전라남도,,망마산,,전라남도 여수시,,140,
전라남도,,망모산,,전라남도 무안군 일로읍,,155,
전라남도,,모악산,,"전라남도 함평, 영광",,348,
전라남도,,모후산,,"전라남도 화순군 남면, 동북면",,943.8,
전라남도,,무선산,,전라남도 여수시,,217,
전라남도,,박난봉,,전라남도 순천시 옥천동,,438,
전라남도,,반야봉,,"전라남도 구례군, 전라북도 남원시, 경상남도 하동군",,1732,
전라남도,,방장산,,"전라남도 장성군, 전라북도 고창군 신림면ㆍ정읍시 입암면",,733.6,
전라남도,,백아산,,전라남도 화순군 북면,,810,
전라남도,,백운산(광양),,"전라남도 광양시 봉강면ㆍ옥룡면ㆍ진상면ㆍ다압면, 구례군 간전면",,1222.2,
전라남도,,백학산,,전라남도 무안군 해제면 대사리,,126,
전라남도,,병풍산(용구산),,"전라남도 담양군 수북면, 월산면ㆍ장성군 북하면",,826.4,
전라남도,,보은산,,전라남도 강진군,,439,
전라남도,,보평산,,"전라남도 무안군 무안읍 고절리, 용월리",,225,
전라남도,,봉대산,,전라남도 무안군,,195,
전라남도,,봉두산,,전라남도 곡성군,,753,
전라남도,,봉화산,,전라남도 보성군,,476,
전라남도,,봉화산,,"전라남도 순천시 용당동,조례동",,355,
전라남도,,봉화산,,전라남도 여수시,,476,
전라남도,,봉화산,,전라남도 여수시 화정면 개도리,,334,
전라남도,,봉황산,,전라남도 고흥군 고흥읍 남계리,,199,
전라남도,,봉황산,,전라남도 여수시,,818,
전라남도,,부용산,,전라남도 장흥군 관산읍 성산리,,609,
전라남도,,부주산,,전라남도 목포시,,159,
전라남도,,부흥산,,전라남도 목포시 옥암동,,73,
전라남도,,불갑산,,전라남도 영광군 불갑면ㆍ함평군 해보면,,517.7,
전라남도,,불암산,,전라남도 광양시,,431,
전라남도,,불태산,,"전남 장성군 장성읍·진원면, 담양군 대전면",,720,
전라남도,,비봉산,,전라남도 화순군,,579,
전라남도,,사자산,,"전라남도 장흥군, 보성군",,666,
전라남도,,삼문산,,전라남도 완도군 완도읍 약산면,,397,
전라남도,,삼비산,,"전라남도 보성군 웅치면, 회천면",,664,
전라남도,,삼암봉,,전라남도 신안군 지도읍,,196,
전라남도,,상봉산,,전라남도 무안군 무안읍 교촌리,,130,
전라남도,,상황봉,,전라남도 완도군 군외면,,645.6,
전라남도,,설산,,전라남도 곡성군 옥과면ㆍ전라북도 순창군 금과면,,523,
전라남도,,소미산,,전라남도 여수시 돌산,,210,
전라남도,,송공산,,전라남도 신안군,,231,
전라남도,,수월산,,전라남도 여천군 삼산면,,128,
전라남도,,수인산,,전라남도 강진군 병영면·장흥군 유치면,,561,
전라남도,,승달산,,"전라남도 무안군 청계면, 몽탄면",,318,
전라남도,,승봉산,,전라남도 신안군 암태면,,356,
전라남도,,안심산,,전라남도 여수시,,347,
전라남도,,안양산,,전라남도 화순군 이서면,,853,
전라남도,,앵무산,,전라남도 순천시 해룡면,,385,
전라남도,,여귀산,,전남 진도군,,457,
전라남도,,영취산,,"전라남도 여수시 상암동, 중흥동",,509.7,
전라남도,,예성산,,전라남도 화순군,,362,
전라남도,,오봉산,,전남 보성군 득량면,,513,
전라남도,,오산(자라산),,전라남도 구례군 문척면 죽마리,,531,
전라남도,,옹성산,,전남 화순군 동복면,,573,
전라남도,,용암산,,전라남도 화순군 한천면ㆍ춘양면,,547,
전라남도,,운암산,,전라남도 고흥군,,487,
전라남도,,월각산,,"전라남도 영암군, 강진군",,456,
전라남도,,월출산,,"전라남도 영암군 영암읍ㆍ군서면ㆍ학산면, 강진군 성전면",,810.7,
전라남도,,유달산,,전라남도 목포시 죽교동,,228,
전라남도,,유방산,,전라남도 목포,,98,
전라남도,,일림산,,전남 보성군 웅치면ㆍ화천면,,664,
전라남도,,입암산,,"전라남도 장성군 북이면, 죽하면, 전라북도 정읍시",,626,
전라남도,,장군산,,전라남도 여수시,,325,
전라남도,,장암산,,"전라남도 영광군 묘량면, 삼서면",,482,
전라남도,,적대봉,,전남 고흥군 금산면,,587.4,
전라남도,,적자봉,,전라남도 완도군 보길면,,431.1,
전라남도,,제석산,,"전남 순천시 별량면, 보성군 벌교읍",,560,
전라남도,,제암산,,전라남도 장흥 안양면·보성 웅치면,,807,
전라남도,,조계산,,전라남도 순천시 승주읍ㆍ송광면,,887.3,
전라남도,,주작산,,"전라남도 강진군 도암면, 신전면",,475,
전라남도,,주지봉,,전라남도 영암군,,491,
전라남도,,쫓비산,,전남 광양시 진상면,,537,
전라남도,,천관산,,"전라남도 장흥군 관산읍, 대덕읍",,724.3,
전라남도,,천등산,,"전남 고흥군 풍양면, 도화면, 포두면",,550,
전라남도,,천봉산,,전라남도 보성군 문덕면,,436,
전라남도,,천태산,,전라남도 강진,,289,
전라남도,,첨찰산,,전남 진도군 고군면ㆍ의신면,,482,
전라남도,,초암산,,전남 보성군 겸백면,,576,
전라남도,,추월산,,"전라남도 담양군 용면, 전라북도 순창군 복흥면",,731.2,
전라남도,,칠락산,,전라남도 신안군 흑산면 진리,,260,
전라남도,,큰산,,전라남도 신안군 도초면 엄목리,,202,
전라남도,,태청산,,"전남 영광군 대마면, 장성군 삼계면ㆍ삼서면",,593,
전라남도,,통명산,,전남 곡성군 죽곡면,,764,
전라남도,,팔암산,,전라남도 장성군,,395,
전라남도,,팔영산,,전남 고흥군 영남면 우천리,,606.9,
전라남도,,형제봉,,전라남도 구례군 마산면 황전리,,912,
전라남도,,호랑산,,전라남도 여수,,490,
전라남도,,호암산,,전라남도 여수시,,280,
전라남도,,화학산,,"전라남도 화순군 청풍면, 도암면",,614,
전라남도,,흑석산,,"전라남도 해남군 계곡면, 학산면",,650,
경상북도,,가산,,"경상북도 칠곡군 가산면, 동명면",,901.8,
경상북도,,각화산,,경상북도 봉화군 춘양면,,1176,
경상북도,,갈모봉,,"경상북도 문경시, 충청북도 괴산군",,582,
경상북도,,갈미봉,,경상북도 안동시,,548,
경상북도,,갑장산,,"경상북도 상주시 지천동, 낙동면",,805.8,
경상북도,,갓바위,,경상북도 경산시 와촌면,,852,
경상북도,,갓산,,경상북도 문경시 산북면 김용리,,673,
경상북도,,건지산,,"경상북도 안동시 도산면 온혜리,가송리",,559,
경상북도,,검마산,,경상북도 영양군,,1017,
경상북도,,계명산,,경상북도 안동시,,775,
경상북도,,곰넘이봉,,경상북도 문경시 가은읍,,721,
경상북도,,공덕산,,경상북도 문경시 산북면ㆍ동로면,,913,
경상북도,,구미산,,경상북도 경주시 건천읍,,594,
경상북도,,구병산,,"경상북도 상주시 화북면,  충청북도 보은군 마로면ㆍ속리산면",,876.3,
경상북도,,구왕봉,,"경상북도 문경시 가은읍, 충청북도 괴산군 연풍면",,877,
경상북도,,국망봉,,"경상북도 안동시 도산면 운곡리, 녹전면",,481,
경상북도,,국망봉,,"경상북도 영주시, 충청북도 단양군",,1421,
경상북도,,국사봉,,경상북도 문경 동로면,,464,
경상북도,,국통산,,경상북도 군위군 우보면 나호리,,337,
경상북도,,금박산,,경상북도 경산시 진량읍 현내리,,432,
경상북도,,금성산,,경북 의성군 금성면ㆍ가음면ㆍ춘산면ㆍ사곡면,,609,
경상북도,,금오산,,"경상북도 구미시, 칠곡군 북삼읍, 김천시 남면",,976.5,
경상북도,,금학산,,경상북도 안동시,,947,
경상북도,,기룡산,,경북 영천시 자양면,,875,
경상북도,,기산,,경상북도 문경시 문경읍 각서리,,622,
경상북도,,기양산,,경상북도 상주시,,704,
경상북도,,까치산,,경상북도 청도군 운문면 방음리,,571,
경상북도,,꼭두바위봉,,경상북도 문경시,,838,
경상북도,,나각산,,경상북도 상주시 낙동면 물량리,,240,
경상북도,,남산,,경상북도 경주시 남산동ㆍ내남면,,495.1,
경상북도,,남산,,경상북도 상주시 외서면,,840,
경상북도,,남산,,"경상북도 청도 각남면, 화양읍, 청도읍",,321,
경상북도,,내연산,,"경상북도 포항시 송라면ㆍ청하면ㆍ죽장면, 영덕군 남정면",,711.3,
경상북도,,냉산,,"경상북도 구미시 해평면, 도개리",,693,
경상북도,,노악산(노음산),,"경상북도 상주시 남장동, 외서면, 내서면",,725.6,
경상북도,,뇌정산,,"경상북도 문경시 가은읍, 마성면",,991,
경상북도,,눌의산,,"경상북도 김천시, 충청북도 영동군",,743,
경상북도,,능곡산,,경상북도 문경시 마성면 상내리,,572,
경상북도,,다봉산,,"경상북도 구미시 봉곡동,부곡동",,388,
경상북도,,단봉산,,경상북도 합천군,,201,
경상북도,,단산,,경상북도 문경시 산북면,,956,
경상북도,,단석산,,경상북도 경주시 건천읍,,827.2,
경상북도,,단지봉,,"경상북도 김천시 증산면, 경상남도 거창군 가북면",,1327,
경상북도,,달봉산,,경상북도 봉화군 봉화읍,,136,
경상북도,,대덕산,,"경상북도 김천시 대덕면, 전라북도 무주군 무풍면",,425,
경상북도,,대야산,,"경상북도 문경시 가은읍, 충청북도 괴산군 청천면",,931,
경상북도,,대왕산,,경상북도 청도군,,605,
경상북도,,덕가산,,"경상북도 상주시 화북면 운흥리, 괴산군 청천면 사담리",,855,
경상북도,,도덕산,,경상북도 경주시 안강읍·영천시 고경면,,703,
경상북도,,도솔봉,,"경상북도 영주시, 충청북도 단양군",,1314,
경상북도,,도장산,,"경상북도 상주시 화북면 용유리, 문경시 농암면",,828,
경상북도,,돈달산,,경상북도 문경시 점촌동,,273,
경상북도,,동대산,,경상북도 영덕군,,791,
경상북도,,둔덕산,,"경북 문경시 가은읍, 농암면",,970,
경상북도,,마산봉,,경상북도 문경시 문경읍 상초리,,654,
경상북도,,마정산,,경상북도 군위군 군위읍 용대리,,402,
경상북도,,마폐봉,,경상북도 문경시 문경읍 각서리,,925,
경상북도,,막장봉,,"경상북도 문경시 가은읍, 충청북도 괴산군",,868,
경상북도,,매봉,,"경상북도 예천군 용문면 내지리, 사부리",,929,
경상북도,,매봉산,,경상북도 구미시 고아읍 괴평리,,220,
경상북도,,매악산,,경상북도 상주시 사벌면 매호리,,335,
경상북도,,면봉산,,"경상북도 청송군 현동면 ·현서면, 경상북도 포항시 북구 죽장면",,1113,
경상북도,,무지개산,,"상주시 내서면 서원리, 화동면 어산리",,441,
경상북도,,문복대,,경상북도 문경시 동로면 석항리,,1074,
경상북도,,문복산,,경상북도 청도군,,1013,
경상북도,,문수산,,경상북도 구미시 산동면 인덕리,,341,
경상북도,,문수산,,"경상북도 봉화군 춘양면, 봉성면, 물야면",,1205,
경상북도,,미석산,,"경상북도 구미시 해평면 금호리,해평리,낙성리",,168,
경상북도,,미숭산,,경상북도 고령군 고령읍,,757,
경상북도,,방가산,,"경상북도 군위군 고로면 인곡리, 영천시",,756,
경상북도,,백악산,,"경상북도 상주시 화북면, 충청북도 괴산군 청천면",,857,
경상북도,,백암산,,"경북 울진군 온정면, 영양군 수비면",,1004,
경상북도,,백원산,,"경상북도 상주시 인평동, 거동동",,524,
경상북도,,백자산,,경상북도 경산시,,486,
경상북도,,백화산,,"경상북도 문경시 문경읍, 마성면, 충청북도 괴산군 연풍면",,933,
경상북도,,백화산(한성봉),,"경상북도 상주시 모서면, 모동면ㆍ충청북도 영동군 황간면",,933.4,
경상북도,,베틀산,,경상북도 구미시 해평면 금산리,,369,
경상북도,,벽화산,,경상북도 의령군,,522,
경상북도,,병풍산,,경상북도 상주시 동문동,,366,
경상북도,,보현산,,"경북 영천시 화북면, 청송군 현서면, 포항시 죽장면",,1126,
경상북도,,복우산,,경상북도 구미시 옥성면 산촌리,,509,
경상북도,,봉명산,,경상북도 문경시 문경읍,,697,
경상북도,,봉수산,,경상북도 안동시,,534,
경상북도,,봉화봉,,경상북도 포항시,,368,
경상북도,,봉황산,,"경상북도 영주시 부석면, 봉화군 물야면",,259,
경상북도,,봉황산,,"상주시 화서면 신봉리 상현리, 상곡리 화송리/화남면 동관리",,741,
경상북도,,부봉,,경상북도 문경시 문경읍,,913,
경상북도,,비룡산,,경상북도 예천군,,240,
경상북도,,비봉산,,경상북도 구미시 선산읍,,532,
경상북도,,비봉산,,경상북도 봉화군 상운면 문촌리,,441,
경상북도,,비봉산,,경상북도 상주시 중동면 오상리,,230,
경상북도,,비조산,,경상북도 문경시 산양면 위만리,,310,
경상북도,,비학산,,경상북도 포항시 북구,,762,
경상북도,,사룡산,,"경상북도 경주시 산내면, 영천시 북안면",,686,
경상북도,,산지봉,,"경상북도 안동시 길안면 송사2리, 청송군 안덕면 신성리",,816,
경상북도,,삼봉산,,"경상북도 상주시 낙동면 유곡리,  상촌리",,448,
경상북도,,삼성산,,경상북도 경산시 남산면,,554,
경상북도,,상운산,,경상북도 청도군 운문면,,1117,
경상북도,,상학봉,,경상북도 상주시 화북면,,834,
경상북도,,새봉,,경상북도 문경시 마성면 신현리,,617,
경상북도,,서산,,"상주시 외남면 구서리, 청리면 가천리, 덕산리, 공성면 안창리",,513,
경상북도,,선달산,,"경상북도 봉화군 물야면, 영주시 부석면. 강원도 영월군 하동면",,1236,
경상북도,,선바위산,,경상북도 산청군 생초면,,376,
경상북도,,선암산,,경상북도 문경시 산북면 석봉리,,814,
경상북도,,선의산,,"경상북도 경산시 남천면, 청도군 매전면",,756,
경상북도,,성인봉,,경상북도 울릉군 울릉읍 서면ㆍ북면,,986.5,
경상북도,,성주봉,,경북 상주시 은척면,,912,
경상북도,,성주봉,,"경상북도 문경시 문경읍 당포리, 용연리",,961,
경상북도,,성주봉,,경상북도 문경시 산북면 김룡리,,607,
경상북도,,소금강산,,경상북도 경주시 용강동,,296,
경상북도,,소백산,,"경상북도 영주시 풍기읍, 충청북도 단양군 단양읍",,1439.7,
경상북도,,속리산,,"경상북도 상주시 화북면, 충청북도 보은군 내속리면",,1058.4,
경상북도,,송화산,,경상북도 경주시,,276,
경상북도,,수도산,,"김천시 증산면, 대덕면·경상남도 거창군 가북면",,1317.4,
경상북도,,수리봉,,경상북도 문경시 동로면 생달리,,645,
경상북도,,수선산,,상주시 청리면 청상리 / 낙동면 수정리,,684,
경상북도,,승무산,,경상북도 상주시,,559,
경상북도,,시루봉,,경상북도 문경시,,876,
경상북도,,시묘산,,경상북도 칠곡군,,371,
경상북도,,식산,,"경상북도 상주시 서곡동 화개동 외담동, 낙동면 화산리",,503,
경상북도,,신선봉,,경상북도 문경시 문경읍 각서리,,845,
경상북도,,쌍두봉,,경상북도  청도군 삼계리,,910,
경상북도,,아기산,,경상북도 안동시 임동면,,589,
경상북도,,아미산,,경상북도 군위군 고로면,,602,
경상북도,,애기암봉,,경상북도 문경시 가은읍 완장리,,731,
경상북도,,앵산,,경상북도 거제시,,507,
경상북도,,어룡산,,경상북도 문경시 마성면,,617,
경상북도,,어림산,,경상북도 경주시,,510,
경상북도,,연봉산,,"경상북도 구미시 옥계동,거의동",,187,
경상북도,,연엽산,,경상북도 문경시 농암면 화산리,,850,
경상북도,,오봉산,,"경상북도 경주시 서면, 건천읍",,324,
경상북도,,오봉산,,"경상북도 상주 합창읍 신흥리, 공검면 역곡리",,235,
경상북도,,오정산,,경상북도 문경시 호계면,,810,
경상북도,,옥녀봉,,"경상북도 군위군 고로면, 의흥면",,590,
경상북도,,옥녀봉,,경상북도 문경시 마성면,,632,
경상북도,,옥주봉,,경상북도 상주시 사벌면 덕담리,,159,
경상북도,,옹강산,,경상북도 청도군,,831,
경상북도,,와룡산,,경상북도 안동시 와룡면 주계리,,461,
경상북도,,왕의산,,경상북도 문경시 산양면 위만리,,339,
경상북도,,용각산,,"경상북도 청도군, 경산시 남천면",,693,
경상북도,,용두산,,"경상북도 안동시 도산면 운곡리, 매정리",,661,
경상북도,,용림산,,경상북도 경주시,,529,
경상북도,,용문산,,"경상북도 예천군 용문면, 하리면, 상리면",,782,
경상북도,,운달산,,경상북도 문경시 문경읍 용연리,,1097,
경상북도,,운문산,,"경상북도 청도군 운문면, 경상남도 밀양시 산내면",,1195.1,
경상북도,,운제산,,경상북도 포항시 북구,,482,
경상북도,,운주산,,"경상북도 영천시 임고면, 자양면, 포항시 기계면",,806,
경상북도,,울련산,,경상북도 영양군,,939,
경상북도,,월방산,,경상북도 문경시 산양면 봉정리,,360,
경상북도,,월암봉,,경상북도 봉화군 석포면,,1094,
경상북도,,유학산,,"경상북도 칠곡군 가산면, 석적면",,839.1,
경상북도,,이구산,,경상북도 사천시,,362,
경상북도,,이만봉,,"경상북도 문경시 가은읍, 충청북도 괴산군 연풍면",,990,
경상북도,,인내산,,경상북도 경주시,,534,
경상북도,,일월산,,"경상북도 영양군 일월면 용화리, 청기면 당리",,1219,
경상북도,,작약산,,"경상북도 상주시 은척면 무릉리, 이안면 구미리 안룡리, 문경시 농암면 수예리",,770,
경상북도,,장군봉,,경상북도 봉화군 소천면,,1039,
경상북도,,장군산,,경상북도 경산시 하양읍 부호리,,314,
경상북도,,장성봉,,경상북도 문경시 가은읍,,915,
경상북도,,장육산,,경상북도 청도군 운문면 봉화리,,686,
경상북도,,적라산,,경상북도 군위군 군위읍 수서리,,352,
경상북도,,접성산,,"경상북도 구미시 고아읍 이례리,원호리,봉한1리,대망2리,예강1리,예강리,항곡리,",,374,
경상북도,,정수산,,경상북도 산청군,,841,
경상북도,,정족산,,경상북도 양산시,,700,
경상북도,,정침봉,,경상북도 문경시 동로면 마광리,,635,
경상북도,,조산봉,,경상북도 봉화군 재산면 동면리,,857,
경상북도,,조항산,,"경상북도 문경시 농암면, 충청북도 괴산군 청천면",,951,
경상북도,,주산,,경상북도 고령군,,310,
경상북도,,주왕산,,"경상북도 청송군 청송읍ㆍ부동면, 영덕군 지품면ㆍ달산면",,722.1,
경상북도,,주지봉,,경상북도 문경시 마성면 상내리,,368,
경상북도,,주흘산,,경상북도 문경시 문경읍,,1108.4,
경상북도,,지곡산,,경상북도 포항시 지곡동,,108,
경상북도,,지룡산,,경상북도 청도군 운문면,,659,
경상북도,,지장산,,경북 상주시 모동면 신흥리,,773,
경상북도,,천등산,,경상북도 안동시 서후면,,707,
경상북도,,천마산,,경상북도 문경시 영순면 이목리,,278,
경상북도,,천봉산,,"경상북도 상주시 만산동, 부원동",,609,
경상북도,,천생산,,"경북 구미시 신동ㆍ인의동ㆍ황상동ㆍ금전동, 장천면",,407,
경상북도,,천왕산,,"경상북도 청도군 풍각면, 각남면. 경상남도 밀양시 청도면, 성산면",,619,
경상북도,,천주봉,,경상북도 문경시 동로면,,839,
경상북도,,천지갑산,,경상북도 안동시 길안면,,462,
경상북도,,천택산,,"경상북도 상주시 화남면 임곡리, 화서면 사산리",,683,
경상북도,,철마산,,경상북도 청도군,,627,
경상북도,,청계산,,"경상북도 상주시 화서면 화송리, 화남면 동관리",,658,
경상북도,,청량산,,경상북도 봉화군 명호면,,869.7,
경상북도,,청옥산,,"경상북도 봉화군 석포면, 소천면",,1277,
경상북도,,청화산,,경상북도 구미시 도개면 다곡리,,701,
경상북도,,청화산,,"경상북도 문경시 상주시, 충청북도 괴산군",,984,
경상북도,,촛대봉,,경상북도 문경시 농암면 화산리,,661,
경상북도,,칠보산,,"경상북도 영덕군 창수면, 울진군 온정면",,810,
경상북도,,칠봉산,,경상북도 문경시 농암면 갈동리,,595,
경상북도,,탄항산,,경상북도 문경시 문경읍,,857,
경상북도,,태양산,,경상북도 청송군,,933,
경상북도,,태조산(냉산),,"경상북도 구미시 해평면 일선리,도문리",,692,
경상북도,,토함산,,경상북도 경주시 불국동,,745.8,
경상북도,,통고산,,경상북도 울진군 서면,,1067,
경상북도,,통내산,,경상북도 청도군 매전면,,674,
경상북도,,팔각산,,경북 영덕군 달산면 주응리,,633,
경상북도,,팔공산,,"경상북도 군위군 부계면, 영천시 신녕면, 대구광역시 동구",,1192.3,
경상북도,,팔음산,,"경상북도 상주시 모서면 화현리, 화동면 평산리, 옥천군 청산면 명치리",,762,
경상북도,,포도산,,경상북도 영양군,,748,
경상북도,,포암산,,"경상북도 문경시 문경읍, 충청북도 충주시 상모면",,962,
경상북도,,풍락산,,경상북도 봉화군  명호면 관창리,,775,
경상북도,,학가산,,"경상북도 안동시 서후면, 북후면ㆍ예천군 보문면",,869.6,
경상북도,,형제봉,,"경상북도 상주시, 충청북도 보은군",,1178,
경상북도,,화부산,,"경상북도 안동시 길안면 대사리,고란리",,626,
경상북도,,화산,,경상북도 안동시,,338,
경상북도,,화악산,,경상북도 청도군 청도읍ㆍ경상남도 밀양시 청도면,,932.1,
경상북도,,황악산,,경상북도 김천시 대항면 운수리,,1111.4,
경상북도,,황장산,,경상북도 문경시 동로면,,1077,
경상북도,,황학산,,"경상북도 문경시 문경읍, 충청북도 괴산군 연풍면",,912,
경상북도,,황학산,,경상북도 안동시,,769,
경상북도,,효양산,,경상북도 청도군,,580,
경상북도,,희양산,,"경상북도 문경시 가은읍, 충청북도 괴산군 연풍면,",,996.4,
경상남도,,가라산,,경상남도 거제시 남부면 다대리,,580,
경상남도,,가래봉,,경상남도 밀양시 단장면 단장리,,502,
경상남도,,가야산,,"경상남도 합천군ㆍ거창군, 경상북도 성주군",,1432.6,
경상남도,,각산,,경상남도 사천시,,398,
경상남도,,간월산,,경상남도 울산시 울주군,,1069,
경상남도,,갈전산,,경상남도 산청군 생초면,,764,
경상남도,,감악산,,경상남도 거창군,,925,
경상남도,,감암산,,경상남도 합천 가회면,,834,
경상남도,,감투봉,,경상남도 산청군 시천면 사리,,768,
경상남도,,거류산,,경상남도 고성군 거류면,,571.7,
경상남도,,거망산,,경상남도 함양군,,1184,
경상남도,,건흥산(거열산),,"경상남도 거창군 거창읍, 마리면",,792,
경상남도,,경운산,,경상남도 김해시,,378,
경상남도,,계룡산,,"경상남도 거제시 신현읍, 거제면",,566,
경상남도,,관룡산,,"경상남도 창녕군 창녕읍, 고암면",,740,
경상남도,,광제산,,경상남도 진주시,,420,
경상남도,,괘관산,,경상남도 함양군 서하면ㆍ병곡면,,1252,
경상남도,,괘방산,,"경상남도 진주, 함안",,451,
경상남도,,구곡산,,경상남도 산청,,961,
경상남도,,구두산,,경상남도 남해군 설천면 덕신리,,618,
경상남도,,구만산,,"경상남도 밀양시 산내면, 경상북도 청도군 매전면",,785,
경상남도,,구절산,,경상남도 고성군 동해면,,521,
경상남도,,구천산,,경상남도 밀양시 삼랑진,,620,
경상남도,,구현산,,"경상남도 창녕군 창녕읍, 장마면, 계성면",,579,
경상남도,,국사봉,,경상남도 거제 옥포일동,,728,
경상남도,,국사봉,,경상남도 의령군 봉수면,,613,
경상남도,,국수봉,,경상남도 울산시 울주군,,603,
경상남도,,굴암산,,"경상남도 진해시 웅동, 김해시 장유면, 부산광역시 강서구 지사동",,663.2,
경상남도,,금귀봉,,경상남도 거창군 거창읍,,827,
경상남도,,금산,,경상남도 남해군 상주면ㆍ이동면ㆍ삼동면,,704.9,
경상남도,,금성산,,경상남도 합천군,,672,
경상남도,,금오산,,경남 하동군 금남면ㆍ진교면,,849,
경상남도,,금오산,,"경상남도 밀양시 삼랑진읍·단장면, 양산시 원동면",,766,
경상남도,,금오산,,"경상남도 밀양시 삼량진읍, 양산 원동",,634,
경상남도,,금원산,,경상남도 거창군 위천면·함양군 안의면,,1352.5,
경상남도,,기백산,,경상남도 거창군 위천면·함양군 안의면,,1331,
경상남도,,깃대봉,,경상남도 마산시 함포구 진전면·진주시 이반성면,,220,
경상남도,,깃대봉,,"경상남도 함양군 서상면, 전라북도 장수군 장계면",,1015,
경상남도,,낙화산,,경상남도 밀양시 상동면 도곡리,,597,
경상남도,,남덕유산,,경상남도 거창군,,1507,
경상남도,,남산,,경상남도 의령군,,821,
경상남도,,남암산,,경상남도 울산시,,543,
경상남도,,노자산,,경상남도 거제시 동부면 구천리,,557.1,
경상남도,,능걸산,,경상남도 양산시 상북면,,783,
경상남도,,능동산,,경상남도 울산시 울주군,,983,
경상남도,,대곡산,,경상남도 마산시,,516,
경상남도,,대금산,,거제도 연초면ㆍ장목면,,438.7,
경상남도,,대방산,,경상남도 남해 창선면,,468,
경상남도,,대성산,,경상남도 산청군 신등면 모례리,,607,
경상남도,,대운산,,"경남 양산시 웅상읍, 울산시 온양면, 부산시 기장군",,742,
경상남도,,덕갈산,,"경상남도 산청군,거창군,함양군",,669,
경상남도,,덕대산,,경상남도 밀양시 하남읍 남전리,,634,
경상남도,,동신어산,,경상남도 김해 상동면,,460,
경상남도,,두무산,,"경상남도 거창 가조면, 합천 묘산면, 가야면",,1034,
경상남도,,둔철산,,경상남도 산청군 산청읍 척지리,,812,
경상남도,,마금산,,경상남도 창원시,,280,
경상남도,,만어산,,경상남도 밀양시 삼랑진읍 우곡리,,670,
경상남도,,망산,,경남 거제시 일운면,,375,
경상남도,,망운산,,"경남 남해군 서면 노구리, 남해읍 아산리 일원",,784.9,
경상남도,,망진산,,경상남도 진주시,,172,
경상남도,,망해봉,,경상남도 산청군,,257,
경상남도,,매봉산,,경상남도 밀양 삼량진,,755,
경상남도,,매화산,,경상남도 합천군 가야면,,1085,
경상남도,,무량산,,경상남도 고성군 고성읍 무량리,,579,
경상남도,,무릉산,,"경상남도 김해시 한림면, 진례면",,313,
경상남도,,무릉산,,"경상남도 창원시 북면, 함안군 칠북면",,556,
경상남도,,무이산,,경상남도 고성군 상리면,,549,
경상남도,,무척산,,"경상남도 김해시 생림면, 상동면",,702.2,
경상남도,,무학산,,경상남도 창원시 교방동,,761.4,
경상남도,,미녀봉(숙성산),,"경남 거창군 가조면, 합천군 봉산면",,930,
경상남도,,미녀산,,경상남도 거창군 가조면,,930,
경상남도,,미륵산,,경상남도 통영시 산양읍ㆍ봉평동,,458.4,
경상남도,,미타산,,경상남도 의령군 부림면ㆍ합천군 적중면,,662,
경상남도,,반월산,,경남 창원시 마산회원구 양덕동,,103,
경상남도,,밝얼산,,경상남도 울산시 울주군 상북면,,738,
경상남도,,방어산,,경상남도 진주시 지수면ㆍ함안군 군북면,,532.1,
경상남도,,배내봉,,경상남도 울산시 울주군,,965,
경상남도,,백두산,,경상남도 김해시,,353,
경상남도,,백마산,,경상남도 밀양시 단장면 고례리/ 양산시 상북면 대리,,772,
경상남도,,백마산,,경상남도 산청군,,469,
경상남도,,백암산,,"경상남도 밀양군 산내면, 산외면, 상동면",,1004,
경상남도,,백운산,,경상남도 밀양,,885,
경상남도,,백운산,,경상남도 산청군,,1218,
경상남도,,백운산,,경상남도 울산시 울주군,,892,
경상남도,,백운산,,경상남도 함양군 백전면,,1279,
경상남도,,백월산,,경상남도 창원시,,428,
경상남도,,백이산,,경상남도 함안군,,983,
경상남도,,벽방산,,"경남 통영시 광도면, 고성군 거류면ㆍ고성읍",,651.5,
경상남도,,보두산,,경상남도 밀양군 상동면,,562,
경상남도,,보해산,,"경남 거창군 가북면, 주상면",,909,
경상남도,,부암산,,"경남 합천군 가회면, 산청군 차황면ㆍ산등면",,696,
경상남도,,북병산,,경상남도 거제,,465,
경상남도,,북암산,,경상남도 밀양,,807,
경상남도,,분지봉,,경상남도 하동군,,623,
경상남도,,불모산,,"경상남도 창원시, 진해시. 김해시 장유면",,801,
경상남도,,불모산,,경상남도 통영시 사량면 사량도,,399,
경상남도,,비계산,,"경상남도 거창군 가조면, 합천군 가야면",,1131,
경상남도,,비봉산,,경상남도 진주시,,531,
경상남도,,비학산,,경상남도 밀양시 산외면 남기리,,317,
경상남도,,산방산,,경상남도 거제시 둔덕면 산방리,,395,
경상남도,,산성산,,경상남도 밀양시 활성동,,380,
경상남도,,삼강봉,,"경상남도 울주군 소호리, 내와리",,851,
경상남도,,삼봉산,,경상남도 거창군 고제면,,1254,
경상남도,,삼봉산,,경상남도 통영시,,255,
경상남도,,삼신봉,,경상남도 하동군,,1285,
경상남도,,삼정산,,"경상남도 함양군 마천면, 전라북도 남원시 산내면",,1182,
경상남도,,상산,,"경상남도 함양군 함양읍, 남원시 아영면",,825,
경상남도,,석대산,,경상남도 산청군,,535,
경상남도,,선유산,,경상남도 고성,,427,
경상남도,,선자산,,경상남도 거제시,,507,
경상남도,,설흘산,,경남 남해군 남면,,481.7,
경상남도,,성제봉(형제봉),,경상남도 하동군 악양면,,964,
경상남도,,수리봉,,경상남도 밀양,,767,
경상남도,,수태산,,경상남도 고성군 상리면,,570,
경상남도,,승학산,,경상남도 밀양시,,539,
경상남도,,시살등,,경상남도 양산시,,981,
경상남도,,신어산,,경상남도 김해시 삼방동,,630,
경상남도,,아미산,,"경상남도 울주군 두서면 전읍리, 미호리",,402,
경상남도,,아홉산,,경상남도 거창군,,353,
경상남도,,악견산,,경상남도 합천군 대병면,,634,
경상남도,,안전산,,경상남도 양산,,665,
경상남도,,양각산,,경상남도 거창군 웅양면 산포리,,1158,
경상남도,,어곡산,,경상남도 양산읍 어곡리,,680,
경상남도,,억산,,"경상남도 밀양시 산내면, 경상북도 청도군 금천면",,954,
경상남도,,여항산,,"경남 함안군 여항면, 마산시 진전면",,770,
경상남도,,연화산,,경상남도 고성군 개천면ㆍ영현면,,524,
경상남도,,연화산,,경상남도 울산시 울주군 언양면,,531,
경상남도,,열왕산,,경상남도 밀양시 청도면 구기리,,663,
경상남도,,염수봉,,"경상남도 양산시 상북면, 원동면",,816,
경상남도,,영산,,경상남도 밀양시 단장면,,888,
경상남도,,영축산,,"경상남도 양산 하북면, 원동면, 울산시 울주군 삼남면, 상북면",,1081,
경상남도,,영취산,,"경상남도 창녕군 영산면, 계성면",,737,
경상남도,,오도산,,"경상남도 거창군 가조면, 합천군 묘산면",,1134,
경상남도,,오두산,,경상남도 울산시 울주군,,824,
경상남도,,오룡산,,경상남도 양산시 원동면,,967,
경상남도,,오봉산,,경남 양산시 교동,,633,
경상남도,,옥교산,,경상남도 밀양시 상동면 안인리,,538,
경상남도,,옥녀봉,,"경상남도 거제시 장승포항, 일운면",,562,
경상남도,,옥녀봉,,경상남도 통영시 사량면(사량도),,510,
경상남도,,와룡산,,경상남도 사천시 사천읍,,801.4,
경상남도,,왕산,,경상남도 산청군 금서면,,925.6,
경상남도,,용마산,,경상남도 창원시 마산합포구 산호동,,96,
경상남도,,용암봉,,경상남도 밀양시,,686,
경상남도,,우두봉,,경상남도 거제시 둔덕면 거림리,,435,
경상남도,,우두산,,경상남도 거창군 가북면,,1046,
경상남도,,웅산,,"경상남도 진해시 자은동, 웅천동ㆍ창원시 천선동",,703,
경상남도,,웅석봉,,경남 산청군 단성면,,1099,
경상남도,,원효산,,"경상남도 양산시 상북면, 하북면, 웅상읍, 동면",,922,
경상남도,,월아산,,경남 진주시 금산면ㆍ진성면,,469,
경상남도,,월여산,,경상남도 거창군,,862,
경상남도,,의룡산,,경상남도 합천군 대병면,,453,
경상남도,,의상봉(이상봉),,경상남도 거창군,,1046,
경상남도,,이명산,,경남 산청시 곤양면,,570,
경상남도,,이방산,,경상남도 산청군,,716,
경상남도,,임호산,,경상남도 김해시,,178,
경상남도,,자굴산,,"경상남도 의령군 가례면, 칠곡면, 대의면",,897,
경상남도,,작대산,,경상남도 함안군 칠원면,,649,
경상남도,,장령산,,경상남도 사천시 정동면,,250,
경상남도,,장복산,,경상남도 진해시 여좌동,,582,
경상남도,,재약산,,"경상남도 밀양시 단장면ㆍ산내면, 울산광역시 울주군 상북면",,1119.1,
경상남도,,적석산,,경남 마산시 진전면·고성군 회화면·창원시,,492,
경상남도,,정각산,,경상남도 밀양시 단장면,,860,
경상남도,,정병산,,"경남 창원시 토월동, 김해시 진례면",,567,
경상남도,,정승봉,,경상남도 밀양군 산내면,,803,
경상남도,,종남산,,경남 밀양시 상남면ㆍ초동면,,664,
경상남도,,종암산,,경상남도 창녕군,,546,
경상남도,,좌이산,,경남 고성군,,415,
경상남도,,주산,,경상남도 산청군,,831,
경상남도,,중봉,,경상남도 밀양시 산내면,,1169,
경상남도,,지리산(통영),,경상남도 통영시 사량면,,399.3,
경상남도,,집현산,,경상남도 진주시,,578,
경상남도,,천마산,,경상남도 울주군 두서면 내화리,,611,
경상남도,,천성산,,"경상남도 양산시 하북면, 상북면, 웅상읍",,920.2,
경상남도,,천자봉,,"경상남도 진해시 자은동, 웅천 1동",,502,
경상남도,,천주산,,"경상남도 창원시 마산회원구 구암동, 의창구 북면",,639.6,
경상남도,,천지봉(천제봉),,경상남도 밀양군 산내면,,685,
경상남도,,천태산,,경남 양산시 원동면,,630.9,
경상남도,,추화산,,경상남도 밀양시,,243,
경상남도,,칠현산,,경상남도 통영시 사량도,,349,
경상남도,,토곡산,,경상남도 양산시 원동면,,855,
경상남도,,팔용산,,"경상남도 마산시, 창원시",,328,
경상남도,,하서산,,경상남도 밀양,,375,
경상남도,,한우산,,경남 의령군 가례면,,835,
경상남도,,함박산,,경상남도 양산,,588,
경상남도,,향로봉,,"경상남도 고성군 하일, 하이면",,578,
경상남도,,향로봉,,경상남도 양산시,,727,
경상남도,,향로산,,경상남도 밀양시,,976,
경상남도,,허굴산,,경상남도 합천군 대병면,,681,
경상남도,,호구산,,경남 남해군 이동면 용소리,,619,
경상남도,,호음산,,경상남도 거창군,,930,
경상남도,,화왕산,,경상남도 창녕군 창녕읍 옥천리 일대,,757.7,
경상남도,,황매산,,"경상남도 합천군 대병면, 가회면, 산청군 차황면.",,1113.1,
경상남도,,황새봉,,경상남도 김해시,,393,
경상남도,,황석산,,경상남도 함양군,,1192.5,
경상남도,,흰대미산,,"경상남도 거창군 가북면, 웅양면",,1018,
제주도,,고근산,,제주도 서귀포시 서호동,,396,
제주도,,고내봉,,제주도 제주시 애월읍 고내리,,175,
제주도,,군산,,제주도 서귀포시 안덕면,,355,
제주도,,단산,,제주도 서귀포시 안덕면,,140,
제주도,,따라비,,제주도 제주시,,342,
제주도,,사라봉,,제주도 제주시,,148,
제주도,,산방산,,제주도 서귀포시 안덕면,,507,
제주도,,성산 일출봉,,제주도 남제주군 성산읍 성산리 114,,182,
제주도,,영천악,,제주도 서귀포시,,277,
제주도,,원당봉(삼양),,"제주도 제주시 조천읍 신촌리, 삼양일동",,171,
제주도,,월랑봉,,제주도 제주시 구좌읍 세화리,,382,
제주도,,은월봉,,제주도 제주시 구좌읍,,180,
제주도,,한라산,,"제주도 제주시, 서귀포시",,1947.3,
